date,score,country,term,translated_term,score_difference
03.11.2019,48,nl,baking,bakken,-1.0
10.11.2019,45,nl,baking,bakken,-2.0
17.11.2019,51,nl,baking,bakken,3.0
24.11.2019,46,nl,baking,bakken,-8.0
01.12.2019,51,nl,baking,bakken,7.0
08.12.2019,48,nl,baking,bakken,-5.0
15.12.2019,57,nl,baking,bakken,-3.0
22.12.2019,98,nl,baking,bakken,-2.0
29.12.2019,80,nl,baking,bakken,8.0
05.01.2020,52,nl,baking,bakken,3.0
12.01.2020,52,nl,baking,bakken,4.0
19.01.2020,50,nl,baking,bakken,1.0
26.01.2020,53,nl,baking,bakken,0.0
02.02.2020,53,nl,baking,bakken,0.0
09.02.2020,53,nl,baking,bakken,9.0
16.02.2020,49,nl,baking,bakken,4.0
23.02.2020,49,nl,baking,bakken,7.0
01.03.2020,46,nl,baking,bakken,-1.0
08.03.2020,51,nl,baking,bakken,2.0
15.03.2020,75,nl,baking,bakken,35.0
22.03.2020,83,nl,baking,bakken,40.0
29.03.2020,87,nl,baking,bakken,45.0
05.04.2020,80,nl,baking,bakken,42.0
12.04.2020,77,nl,baking,bakken,35.0
19.04.2020,67,nl,baking,bakken,31.0
26.04.2020,86,nl,baking,bakken,42.0
03.05.2020,70,nl,baking,bakken,28.0
10.05.2020,62,nl,baking,bakken,27.0
17.05.2020,64,nl,baking,bakken,29.0
24.05.2020,53,nl,baking,bakken,13.0
31.05.2020,52,nl,baking,bakken,12.0
07.06.2020,53,nl,baking,bakken,10.0
14.06.2020,48,nl,baking,bakken,15.0
21.06.2020,40,nl,baking,bakken,12.0
28.06.2020,45,nl,baking,bakken,12.0
05.07.2020,55,nl,baking,bakken,15.0
12.07.2020,49,nl,baking,bakken,10.0
19.07.2020,53,nl,baking,bakken,23.0
26.07.2020,47,nl,baking,bakken,9.0
02.08.2020,46,nl,baking,bakken,10.0
09.08.2020,42,nl,baking,bakken,-3.0
16.08.2020,49,nl,baking,bakken,6.0
23.08.2020,55,nl,baking,bakken,18.0
30.08.2020,49,nl,baking,bakken,12.0
06.09.2020,52,nl,baking,bakken,13.0
13.09.2020,50,nl,baking,bakken,13.0
20.09.2020,51,nl,baking,bakken,7.0
27.09.2020,56,nl,baking,bakken,13.0
04.10.2020,60,nl,baking,bakken,18.0
11.10.2020,67,nl,baking,bakken,20.0
18.10.2020,70,nl,baking,bakken,23.0
25.10.2020,70,nl,baking,bakken,24.0
01.11.2020,64,nl,baking,bakken,16.0
03.11.2019,28,uk,baking,baking,-1.0
10.11.2019,29,uk,baking,baking,1.0
17.11.2019,31,uk,baking,baking,3.0
24.11.2019,28,uk,baking,baking,0.0
01.12.2019,30,uk,baking,baking,-1.0
08.12.2019,28,uk,baking,baking,-3.0
15.12.2019,33,uk,baking,baking,0.0
22.12.2019,33,uk,baking,baking,1.0
29.12.2019,26,uk,baking,baking,-2.0
05.01.2020,26,uk,baking,baking,0.0
12.01.2020,28,uk,baking,baking,3.0
19.01.2020,26,uk,baking,baking,-1.0
26.01.2020,27,uk,baking,baking,2.0
02.02.2020,30,uk,baking,baking,2.0
09.02.2020,30,uk,baking,baking,0.0
16.02.2020,31,uk,baking,baking,4.0
23.02.2020,29,uk,baking,baking,3.0
01.03.2020,27,uk,baking,baking,-2.0
08.03.2020,29,uk,baking,baking,0.0
15.03.2020,36,uk,baking,baking,8.0
22.03.2020,65,uk,baking,baking,37.0
29.03.2020,92,uk,baking,baking,66.0
05.04.2020,100,uk,baking,baking,73.0
12.04.2020,98,uk,baking,baking,69.0
19.04.2020,87,uk,baking,baking,64.0
26.04.2020,94,uk,baking,baking,72.0
03.05.2020,92,uk,baking,baking,68.0
10.05.2020,84,uk,baking,baking,62.0
17.05.2020,77,uk,baking,baking,54.0
24.05.2020,64,uk,baking,baking,37.0
31.05.2020,61,uk,baking,baking,38.0
07.06.2020,58,uk,baking,baking,36.0
14.06.2020,51,uk,baking,baking,28.0
21.06.2020,44,uk,baking,baking,20.0
28.06.2020,46,uk,baking,baking,22.0
05.07.2020,42,uk,baking,baking,18.0
12.07.2020,39,uk,baking,baking,16.0
19.07.2020,40,uk,baking,baking,17.0
26.07.2020,36,uk,baking,baking,10.0
02.08.2020,32,uk,baking,baking,5.0
09.08.2020,32,uk,baking,baking,4.0
16.08.2020,32,uk,baking,baking,5.0
23.08.2020,33,uk,baking,baking,5.0
30.08.2020,32,uk,baking,baking,2.0
06.09.2020,32,uk,baking,baking,4.0
13.09.2020,29,uk,baking,baking,-1.0
20.09.2020,34,uk,baking,baking,4.0
27.09.2020,37,uk,baking,baking,9.0
04.10.2020,40,uk,baking,baking,11.0
11.10.2020,41,uk,baking,baking,12.0
18.10.2020,41,uk,baking,baking,11.0
25.10.2020,51,uk,baking,baking,18.0
01.11.2020,38,uk,baking,baking,10.0
03.11.2019,38,ger,baking,backen,2.0
10.11.2019,42,ger,baking,backen,6.0
17.11.2019,44,ger,baking,backen,5.0
24.11.2019,46,ger,baking,backen,5.0
01.12.2019,48,ger,baking,backen,6.0
08.12.2019,44,ger,baking,backen,5.0
15.12.2019,46,ger,baking,backen,7.0
22.12.2019,41,ger,baking,backen,7.0
29.12.2019,33,ger,baking,backen,3.0
05.01.2020,26,ger,baking,backen,1.0
12.01.2020,29,ger,baking,backen,5.0
19.01.2020,31,ger,baking,backen,5.0
26.01.2020,35,ger,baking,backen,5.0
02.02.2020,33,ger,baking,backen,5.0
09.02.2020,39,ger,baking,backen,7.0
16.02.2020,40,ger,baking,backen,8.0
23.02.2020,40,ger,baking,backen,10.0
01.03.2020,41,ger,baking,backen,6.0
08.03.2020,40,ger,baking,backen,5.0
15.03.2020,60,ger,baking,backen,28.0
22.03.2020,70,ger,baking,backen,40.0
29.03.2020,76,ger,baking,backen,48.0
05.04.2020,100,ger,baking,backen,69.0
12.04.2020,55,ger,baking,backen,6.0
19.04.2020,45,ger,baking,backen,19.0
26.04.2020,53,ger,baking,backen,26.0
03.05.2020,48,ger,baking,backen,19.0
10.05.2020,43,ger,baking,backen,19.0
17.05.2020,47,ger,baking,backen,21.0
24.05.2020,40,ger,baking,backen,12.0
31.05.2020,41,ger,baking,backen,18.0
07.06.2020,44,ger,baking,backen,17.0
14.06.2020,35,ger,baking,backen,14.0
21.06.2020,29,ger,baking,backen,11.0
28.06.2020,31,ger,baking,backen,13.0
05.07.2020,32,ger,baking,backen,10.0
12.07.2020,31,ger,baking,backen,8.0
19.07.2020,29,ger,baking,backen,8.0
26.07.2020,28,ger,baking,backen,6.0
02.08.2020,28,ger,baking,backen,4.0
09.08.2020,27,ger,baking,backen,3.0
16.08.2020,27,ger,baking,backen,4.0
23.08.2020,31,ger,baking,backen,10.0
30.08.2020,29,ger,baking,backen,-1.0
06.09.2020,30,ger,baking,backen,-2.0
13.09.2020,29,ger,baking,backen,-5.0
20.09.2020,30,ger,baking,backen,-6.0
27.09.2020,34,ger,baking,backen,-8.0
04.10.2020,34,ger,baking,backen,-5.0
11.10.2020,34,ger,baking,backen,-7.0
18.10.2020,38,ger,baking,backen,-13.0
25.10.2020,42,ger,baking,backen,0.0
01.11.2020,47,ger,baking,backen,9.0
03.11.2019,20,ger,bananabread,bananenbrot,8.0
10.11.2019,18,ger,bananabread,bananenbrot,6.0
17.11.2019,15,ger,bananabread,bananenbrot,6.0
24.11.2019,12,ger,bananabread,bananenbrot,5.0
01.12.2019,13,ger,bananabread,bananenbrot,6.0
08.12.2019,11,ger,bananabread,bananenbrot,4.0
15.12.2019,9,ger,bananabread,bananenbrot,1.0
22.12.2019,11,ger,bananabread,bananenbrot,3.0
29.12.2019,18,ger,bananabread,bananenbrot,7.0
05.01.2020,16,ger,bananabread,bananenbrot,3.0
12.01.2020,19,ger,bananabread,bananenbrot,7.0
19.01.2020,23,ger,bananabread,bananenbrot,5.0
26.01.2020,24,ger,bananabread,bananenbrot,6.0
02.02.2020,24,ger,bananabread,bananenbrot,6.0
09.02.2020,22,ger,bananabread,bananenbrot,6.0
16.02.2020,21,ger,bananabread,bananenbrot,8.0
23.02.2020,23,ger,bananabread,bananenbrot,7.0
01.03.2020,26,ger,bananabread,bananenbrot,7.0
08.03.2020,31,ger,bananabread,bananenbrot,12.0
15.03.2020,46,ger,bananabread,bananenbrot,26.0
22.03.2020,86,ger,bananabread,bananenbrot,68.0
29.03.2020,100,ger,bananabread,bananenbrot,86.0
05.04.2020,77,ger,bananabread,bananenbrot,61.0
12.04.2020,67,ger,bananabread,bananenbrot,48.0
19.04.2020,56,ger,bananabread,bananenbrot,40.0
26.04.2020,54,ger,bananabread,bananenbrot,40.0
03.05.2020,40,ger,bananabread,bananenbrot,24.0
10.05.2020,36,ger,bananabread,bananenbrot,21.0
17.05.2020,30,ger,bananabread,bananenbrot,14.0
24.05.2020,33,ger,bananabread,bananenbrot,21.0
31.05.2020,28,ger,bananabread,bananenbrot,15.0
07.06.2020,27,ger,bananabread,bananenbrot,11.0
14.06.2020,27,ger,bananabread,bananenbrot,15.0
21.06.2020,19,ger,bananabread,bananenbrot,8.0
28.06.2020,26,ger,bananabread,bananenbrot,16.0
05.07.2020,24,ger,bananabread,bananenbrot,12.0
12.07.2020,22,ger,bananabread,bananenbrot,9.0
19.07.2020,20,ger,bananabread,bananenbrot,8.0
26.07.2020,21,ger,bananabread,bananenbrot,6.0
02.08.2020,19,ger,bananabread,bananenbrot,7.0
09.08.2020,19,ger,bananabread,bananenbrot,2.0
16.08.2020,18,ger,bananabread,bananenbrot,1.0
23.08.2020,24,ger,bananabread,bananenbrot,11.0
30.08.2020,21,ger,bananabread,bananenbrot,4.0
06.09.2020,21,ger,bananabread,bananenbrot,7.0
13.09.2020,21,ger,bananabread,bananenbrot,5.0
20.09.2020,22,ger,bananabread,bananenbrot,4.0
27.09.2020,22,ger,bananabread,bananenbrot,2.0
04.10.2020,23,ger,bananabread,bananenbrot,8.0
11.10.2020,25,ger,bananabread,bananenbrot,6.0
18.10.2020,27,ger,bananabread,bananenbrot,10.0
25.10.2020,33,ger,bananabread,bananenbrot,16.0
01.11.2020,31,ger,bananabread,bananenbrot,11.0
03.11.2019,12,uk,bananabread,bananbread,2.0
10.11.2019,11,uk,bananabread,bananbread,1.0
17.11.2019,11,uk,bananabread,bananbread,2.0
24.11.2019,9,uk,bananabread,bananbread,-1.0
01.12.2019,8,uk,bananabread,bananbread,1.0
08.12.2019,7,uk,bananabread,bananbread,0.0
15.12.2019,7,uk,bananabread,bananbread,0.0
22.12.2019,6,uk,bananabread,bananbread,-2.0
29.12.2019,9,uk,bananabread,bananbread,-1.0
05.01.2020,11,uk,bananabread,bananbread,2.0
12.01.2020,11,uk,bananabread,bananbread,1.0
19.01.2020,13,uk,bananabread,bananbread,2.0
26.01.2020,13,uk,bananabread,bananbread,1.0
02.02.2020,15,uk,bananabread,bananbread,2.0
09.02.2020,15,uk,bananabread,bananbread,2.0
16.02.2020,15,uk,bananabread,bananbread,2.0
23.02.2020,13,uk,bananabread,bananbread,1.0
01.03.2020,14,uk,bananabread,bananbread,3.0
08.03.2020,16,uk,bananabread,bananbread,3.0
15.03.2020,31,uk,bananabread,bananbread,19.0
22.03.2020,70,uk,bananabread,bananbread,59.0
29.03.2020,100,uk,bananabread,bananbread,87.0
05.04.2020,87,uk,bananabread,bananbread,74.0
12.04.2020,89,uk,bananabread,bananbread,77.0
19.04.2020,67,uk,bananabread,bananbread,56.0
26.04.2020,65,uk,bananabread,bananbread,55.0
03.05.2020,54,uk,bananabread,bananbread,42.0
10.05.2020,52,uk,bananabread,bananbread,42.0
17.05.2020,39,uk,bananabread,bananbread,29.0
24.05.2020,36,uk,bananabread,bananbread,22.0
31.05.2020,35,uk,bananabread,bananbread,24.0
07.06.2020,30,uk,bananabread,bananbread,20.0
14.06.2020,26,uk,bananabread,bananbread,16.0
21.06.2020,22,uk,bananabread,bananbread,12.0
28.06.2020,25,uk,bananabread,bananbread,15.0
05.07.2020,21,uk,bananabread,bananbread,11.0
12.07.2020,18,uk,bananabread,bananbread,8.0
19.07.2020,20,uk,bananabread,bananbread,9.0
26.07.2020,18,uk,bananabread,bananbread,7.0
02.08.2020,17,uk,bananabread,bananbread,5.0
09.08.2020,16,uk,bananabread,bananbread,5.0
16.08.2020,15,uk,bananabread,bananbread,4.0
23.08.2020,13,uk,bananabread,bananbread,1.0
30.08.2020,14,uk,bananabread,bananbread,3.0
06.09.2020,15,uk,bananabread,bananbread,3.0
13.09.2020,16,uk,bananabread,bananbread,3.0
20.09.2020,17,uk,bananabread,bananbread,3.0
27.09.2020,16,uk,bananabread,bananbread,4.0
04.10.2020,18,uk,bananabread,bananbread,6.0
11.10.2020,17,uk,bananabread,bananbread,5.0
18.10.2020,17,uk,bananabread,bananbread,5.0
25.10.2020,18,uk,bananabread,bananbread,5.0
01.11.2020,20,uk,bananabread,bananbread,8.0
03.11.2019,24,nl,bananabread,bananenbrood,-3.0
10.11.2019,26,nl,bananabread,bananenbrood,-4.0
17.11.2019,29,nl,bananabread,bananenbrood,5.0
24.11.2019,22,nl,bananabread,bananenbrood,1.0
01.12.2019,21,nl,bananabread,bananenbrood,2.0
08.12.2019,22,nl,bananabread,bananenbrood,2.0
15.12.2019,18,nl,bananabread,bananenbrood,-6.0
22.12.2019,27,nl,bananabread,bananenbrood,10.0
29.12.2019,29,nl,bananabread,bananenbrood,0.0
05.01.2020,42,nl,bananabread,bananenbrood,4.0
12.01.2020,45,nl,bananabread,bananenbrood,5.0
19.01.2020,47,nl,bananabread,bananenbrood,2.0
26.01.2020,47,nl,bananabread,bananenbrood,-4.0
02.02.2020,52,nl,bananabread,bananenbrood,-4.0
09.02.2020,40,nl,bananabread,bananenbrood,2.0
16.02.2020,46,nl,bananabread,bananenbrood,1.0
23.02.2020,36,nl,bananabread,bananenbrood,0.0
01.03.2020,45,nl,bananabread,bananenbrood,14.0
08.03.2020,40,nl,bananabread,bananenbrood,4.0
15.03.2020,76,nl,bananabread,bananenbrood,49.0
22.03.2020,100,nl,bananabread,bananenbrood,67.0
29.03.2020,96,nl,bananabread,bananenbrood,66.0
05.04.2020,82,nl,bananabread,bananenbrood,50.0
12.04.2020,81,nl,bananabread,bananenbrood,50.0
19.04.2020,62,nl,bananabread,bananenbrood,38.0
26.04.2020,78,nl,bananabread,bananenbrood,49.0
03.05.2020,57,nl,bananabread,bananenbrood,32.0
10.05.2020,60,nl,bananabread,bananenbrood,33.0
17.05.2020,50,nl,bananabread,bananenbrood,22.0
24.05.2020,48,nl,bananabread,bananenbrood,23.0
31.05.2020,39,nl,bananabread,bananenbrood,11.0
07.06.2020,42,nl,bananabread,bananenbrood,17.0
14.06.2020,46,nl,bananabread,bananenbrood,27.0
21.06.2020,31,nl,bananabread,bananenbrood,15.0
28.06.2020,41,nl,bananabread,bananenbrood,25.0
05.07.2020,43,nl,bananabread,bananenbrood,22.0
12.07.2020,34,nl,bananabread,bananenbrood,11.0
19.07.2020,36,nl,bananabread,bananenbrood,20.0
26.07.2020,39,nl,bananabread,bananenbrood,15.0
02.08.2020,30,nl,bananabread,bananenbrood,2.0
09.08.2020,31,nl,bananabread,bananenbrood,1.0
16.08.2020,29,nl,bananabread,bananenbrood,-3.0
23.08.2020,38,nl,bananabread,bananenbrood,14.0
30.08.2020,30,nl,bananabread,bananenbrood,-6.0
06.09.2020,34,nl,bananabread,bananenbrood,5.0
13.09.2020,33,nl,bananabread,bananenbrood,0.0
20.09.2020,39,nl,bananabread,bananenbrood,5.0
27.09.2020,38,nl,bananabread,bananenbrood,8.0
04.10.2020,34,nl,bananabread,bananenbrood,1.0
11.10.2020,40,nl,bananabread,bananenbrood,10.0
18.10.2020,51,nl,bananabread,bananenbrood,23.0
25.10.2020,48,nl,bananabread,bananenbrood,14.0
01.11.2020,40,nl,bananabread,bananenbrood,16.0
03.11.2019,53,uk,beans,bean,6.0
10.11.2019,56,uk,beans,bean,8.0
17.11.2019,53,uk,beans,bean,3.0
24.11.2019,60,uk,beans,bean,10.0
01.12.2019,53,uk,beans,bean,4.0
08.12.2019,48,uk,beans,bean,0.0
15.12.2019,47,uk,beans,bean,8.0
22.12.2019,42,uk,beans,bean,0.0
29.12.2019,52,uk,beans,bean,-2.0
05.01.2020,67,uk,beans,bean,2.0
12.01.2020,63,uk,beans,bean,1.0
19.01.2020,64,uk,beans,bean,6.0
26.01.2020,59,uk,beans,bean,2.0
02.02.2020,61,uk,beans,bean,4.0
09.02.2020,58,uk,beans,bean,-2.0
16.02.2020,56,uk,beans,bean,-1.0
23.02.2020,54,uk,beans,bean,0.0
01.03.2020,59,uk,beans,bean,3.0
08.03.2020,54,uk,beans,bean,1.0
15.03.2020,59,uk,beans,bean,1.0
22.03.2020,73,uk,beans,bean,14.0
29.03.2020,82,uk,beans,bean,26.0
05.04.2020,89,uk,beans,bean,32.0
12.04.2020,92,uk,beans,bean,37.0
19.04.2020,93,uk,beans,bean,38.0
26.04.2020,100,uk,beans,bean,41.0
03.05.2020,95,uk,beans,bean,36.0
10.05.2020,91,uk,beans,bean,35.0
17.05.2020,92,uk,beans,bean,35.0
24.05.2020,89,uk,beans,bean,35.0
31.05.2020,86,uk,beans,bean,31.0
07.06.2020,80,uk,beans,bean,21.0
14.06.2020,78,uk,beans,bean,21.0
21.06.2020,73,uk,beans,bean,24.0
28.06.2020,76,uk,beans,bean,23.0
05.07.2020,71,uk,beans,bean,18.0
12.07.2020,75,uk,beans,bean,22.0
19.07.2020,73,uk,beans,bean,16.0
26.07.2020,67,uk,beans,bean,9.0
02.08.2020,76,uk,beans,bean,18.0
09.08.2020,70,uk,beans,bean,10.0
16.08.2020,72,uk,beans,bean,16.0
23.08.2020,68,uk,beans,bean,8.0
30.08.2020,62,uk,beans,bean,-2.0
06.09.2020,62,uk,beans,bean,1.0
13.09.2020,65,uk,beans,bean,7.0
20.09.2020,65,uk,beans,bean,4.0
27.09.2020,63,uk,beans,bean,6.0
04.10.2020,60,uk,beans,bean,3.0
11.10.2020,59,uk,beans,bean,5.0
18.10.2020,60,uk,beans,bean,6.0
25.10.2020,62,uk,beans,bean,8.0
01.11.2020,57,uk,beans,bean,4.0
03.11.2019,70,nl,beans,bonen,7.0
10.11.2019,70,nl,beans,bonen,6.0
17.11.2019,71,nl,beans,bonen,2.0
24.11.2019,72,nl,beans,bonen,5.0
01.12.2019,57,nl,beans,bonen,-9.0
08.12.2019,74,nl,beans,bonen,3.0
15.12.2019,62,nl,beans,bonen,-7.0
22.12.2019,62,nl,beans,bonen,-9.0
29.12.2019,71,nl,beans,bonen,-2.0
05.01.2020,77,nl,beans,bonen,12.0
12.01.2020,79,nl,beans,bonen,-2.0
19.01.2020,77,nl,beans,bonen,6.0
26.01.2020,80,nl,beans,bonen,11.0
02.02.2020,74,nl,beans,bonen,7.0
09.02.2020,71,nl,beans,bonen,2.0
16.02.2020,75,nl,beans,bonen,24.0
23.02.2020,74,nl,beans,bonen,27.0
01.03.2020,69,nl,beans,bonen,6.0
08.03.2020,71,nl,beans,bonen,-2.0
15.03.2020,73,nl,beans,bonen,12.0
22.03.2020,81,nl,beans,bonen,29.0
29.03.2020,91,nl,beans,bonen,26.0
05.04.2020,83,nl,beans,bonen,28.0
12.04.2020,85,nl,beans,bonen,37.0
19.04.2020,81,nl,beans,bonen,31.0
26.04.2020,100,nl,beans,bonen,36.0
03.05.2020,83,nl,beans,bonen,23.0
10.05.2020,88,nl,beans,bonen,30.0
17.05.2020,79,nl,beans,bonen,20.0
24.05.2020,69,nl,beans,bonen,-1.0
31.05.2020,70,nl,beans,bonen,10.0
07.06.2020,72,nl,beans,bonen,9.0
14.06.2020,73,nl,beans,bonen,20.0
21.06.2020,55,nl,beans,bonen,10.0
28.06.2020,70,nl,beans,bonen,33.0
05.07.2020,67,nl,beans,bonen,15.0
12.07.2020,65,nl,beans,bonen,9.0
19.07.2020,73,nl,beans,bonen,26.0
26.07.2020,82,nl,beans,bonen,29.0
02.08.2020,69,nl,beans,bonen,6.0
09.08.2020,61,nl,beans,bonen,-8.0
16.08.2020,63,nl,beans,bonen,-15.0
23.08.2020,71,nl,beans,bonen,12.0
30.08.2020,71,nl,beans,bonen,9.0
06.09.2020,71,nl,beans,bonen,2.0
13.09.2020,68,nl,beans,bonen,1.0
20.09.2020,72,nl,beans,bonen,0.0
27.09.2020,83,nl,beans,bonen,12.0
04.10.2020,88,nl,beans,bonen,39.0
11.10.2020,94,nl,beans,bonen,28.0
18.10.2020,88,nl,beans,bonen,20.0
25.10.2020,86,nl,beans,bonen,14.0
01.11.2020,80,nl,beans,bonen,10.0
03.11.2019,45,ger,beans,bohnen,5.0
10.11.2019,44,ger,beans,bohnen,3.0
17.11.2019,42,ger,beans,bohnen,2.0
24.11.2019,41,ger,beans,bohnen,0.0
01.12.2019,35,ger,beans,bohnen,-5.0
08.12.2019,48,ger,beans,bohnen,7.0
15.12.2019,45,ger,beans,bohnen,0.0
22.12.2019,53,ger,beans,bohnen,-1.0
29.12.2019,49,ger,beans,bohnen,2.0
05.01.2020,55,ger,beans,bohnen,7.0
12.01.2020,56,ger,beans,bohnen,9.0
19.01.2020,56,ger,beans,bohnen,9.0
26.01.2020,49,ger,beans,bohnen,3.0
02.02.2020,51,ger,beans,bohnen,7.0
09.02.2020,52,ger,beans,bohnen,5.0
16.02.2020,46,ger,beans,bohnen,0.0
23.02.2020,51,ger,beans,bohnen,15.0
01.03.2020,49,ger,beans,bohnen,8.0
08.03.2020,41,ger,beans,bohnen,-4.0
15.03.2020,45,ger,beans,bohnen,6.0
22.03.2020,54,ger,beans,bohnen,13.0
29.03.2020,55,ger,beans,bohnen,9.0
05.04.2020,65,ger,beans,bohnen,18.0
12.04.2020,67,ger,beans,bohnen,21.0
19.04.2020,58,ger,beans,bohnen,10.0
26.04.2020,61,ger,beans,bohnen,15.0
03.05.2020,58,ger,beans,bohnen,15.0
10.05.2020,60,ger,beans,bohnen,17.0
17.05.2020,62,ger,beans,bohnen,20.0
24.05.2020,60,ger,beans,bohnen,24.0
31.05.2020,58,ger,beans,bohnen,23.0
07.06.2020,52,ger,beans,bohnen,12.0
14.06.2020,58,ger,beans,bohnen,21.0
21.06.2020,50,ger,beans,bohnen,12.0
28.06.2020,56,ger,beans,bohnen,10.0
05.07.2020,67,ger,beans,bohnen,11.0
12.07.2020,79,ger,beans,bohnen,19.0
19.07.2020,93,ger,beans,bohnen,24.0
26.07.2020,100,ger,beans,bohnen,22.0
02.08.2020,99,ger,beans,bohnen,24.0
09.08.2020,85,ger,beans,bohnen,13.0
16.08.2020,82,ger,beans,bohnen,23.0
23.08.2020,79,ger,beans,bohnen,20.0
30.08.2020,66,ger,beans,bohnen,3.0
06.09.2020,57,ger,beans,bohnen,0.0
13.09.2020,59,ger,beans,bohnen,2.0
20.09.2020,59,ger,beans,bohnen,6.0
27.09.2020,65,ger,beans,bohnen,12.0
04.10.2020,55,ger,beans,bohnen,4.0
11.10.2020,60,ger,beans,bohnen,15.0
18.10.2020,52,ger,beans,bohnen,11.0
25.10.2020,48,ger,beans,bohnen,10.0
01.11.2020,50,ger,beans,bohnen,5.0
03.11.2019,78,uk,coffee,coffee,3.0
10.11.2019,79,uk,coffee,coffee,3.0
17.11.2019,84,uk,coffee,coffee,0.0
24.11.2019,86,uk,coffee,coffee,6.0
01.12.2019,83,uk,coffee,coffee,8.0
08.12.2019,79,uk,coffee,coffee,1.0
15.12.2019,81,uk,coffee,coffee,4.0
22.12.2019,85,uk,coffee,coffee,4.0
29.12.2019,83,uk,coffee,coffee,3.0
05.01.2020,78,uk,coffee,coffee,5.0
12.01.2020,78,uk,coffee,coffee,3.0
19.01.2020,77,uk,coffee,coffee,6.0
26.01.2020,73,uk,coffee,coffee,2.0
02.02.2020,76,uk,coffee,coffee,4.0
09.02.2020,73,uk,coffee,coffee,1.0
16.02.2020,76,uk,coffee,coffee,2.0
23.02.2020,70,uk,coffee,coffee,3.0
01.03.2020,70,uk,coffee,coffee,0.0
08.03.2020,64,uk,coffee,coffee,-6.0
15.03.2020,60,uk,coffee,coffee,-12.0
22.03.2020,57,uk,coffee,coffee,-15.0
29.03.2020,77,uk,coffee,coffee,9.0
05.04.2020,83,uk,coffee,coffee,12.0
12.04.2020,80,uk,coffee,coffee,12.0
19.04.2020,79,uk,coffee,coffee,11.0
26.04.2020,78,uk,coffee,coffee,10.0
03.05.2020,81,uk,coffee,coffee,6.0
10.05.2020,81,uk,coffee,coffee,13.0
17.05.2020,85,uk,coffee,coffee,19.0
24.05.2020,84,uk,coffee,coffee,17.0
31.05.2020,80,uk,coffee,coffee,13.0
07.06.2020,83,uk,coffee,coffee,14.0
14.06.2020,81,uk,coffee,coffee,12.0
21.06.2020,78,uk,coffee,coffee,10.0
28.06.2020,81,uk,coffee,coffee,14.0
05.07.2020,81,uk,coffee,coffee,14.0
12.07.2020,78,uk,coffee,coffee,8.0
19.07.2020,81,uk,coffee,coffee,13.0
26.07.2020,82,uk,coffee,coffee,11.0
02.08.2020,82,uk,coffee,coffee,10.0
09.08.2020,78,uk,coffee,coffee,4.0
16.08.2020,82,uk,coffee,coffee,8.0
23.08.2020,84,uk,coffee,coffee,12.0
30.08.2020,86,uk,coffee,coffee,13.0
06.09.2020,85,uk,coffee,coffee,12.0
13.09.2020,81,uk,coffee,coffee,6.0
20.09.2020,84,uk,coffee,coffee,5.0
27.09.2020,85,uk,coffee,coffee,-15.0
04.10.2020,85,uk,coffee,coffee,10.0
11.10.2020,86,uk,coffee,coffee,11.0
18.10.2020,86,uk,coffee,coffee,11.0
25.10.2020,92,uk,coffee,coffee,18.0
01.11.2020,83,uk,coffee,coffee,5.0
03.11.2019,87,nl,coffee,koffie,3.0
10.11.2019,82,nl,coffee,koffie,3.0
17.11.2019,87,nl,coffee,koffie,5.0
24.11.2019,84,nl,coffee,koffie,4.0
01.12.2019,84,nl,coffee,koffie,-5.0
08.12.2019,82,nl,coffee,koffie,1.0
15.12.2019,83,nl,coffee,koffie,9.0
22.12.2019,100,nl,coffee,koffie,13.0
29.12.2019,83,nl,coffee,koffie,5.0
05.01.2020,87,nl,coffee,koffie,8.0
12.01.2020,89,nl,coffee,koffie,14.0
19.01.2020,88,nl,coffee,koffie,-5.0
26.01.2020,93,nl,coffee,koffie,2.0
02.02.2020,92,nl,coffee,koffie,9.0
09.02.2020,82,nl,coffee,koffie,6.0
16.02.2020,87,nl,coffee,koffie,4.0
23.02.2020,85,nl,coffee,koffie,10.0
01.03.2020,79,nl,coffee,koffie,6.0
08.03.2020,69,nl,coffee,koffie,-3.0
15.03.2020,72,nl,coffee,koffie,-2.0
22.03.2020,69,nl,coffee,koffie,-7.0
29.03.2020,81,nl,coffee,koffie,4.0
05.04.2020,70,nl,coffee,koffie,-9.0
12.04.2020,92,nl,coffee,koffie,24.0
19.04.2020,81,nl,coffee,koffie,14.0
26.04.2020,80,nl,coffee,koffie,-8.0
03.05.2020,80,nl,coffee,koffie,4.0
10.05.2020,79,nl,coffee,koffie,7.0
17.05.2020,84,nl,coffee,koffie,9.0
24.05.2020,81,nl,coffee,koffie,11.0
31.05.2020,79,nl,coffee,koffie,11.0
07.06.2020,85,nl,coffee,koffie,13.0
14.06.2020,82,nl,coffee,koffie,14.0
21.06.2020,73,nl,coffee,koffie,15.0
28.06.2020,83,nl,coffee,koffie,15.0
05.07.2020,91,nl,coffee,koffie,18.0
12.07.2020,94,nl,coffee,koffie,25.0
19.07.2020,93,nl,coffee,koffie,24.0
26.07.2020,86,nl,coffee,koffie,10.0
02.08.2020,84,nl,coffee,koffie,6.0
09.08.2020,79,nl,coffee,koffie,-1.0
16.08.2020,88,nl,coffee,koffie,-5.0
23.08.2020,85,nl,coffee,koffie,12.0
30.08.2020,83,nl,coffee,koffie,1.0
06.09.2020,92,nl,coffee,koffie,9.0
13.09.2020,78,nl,coffee,koffie,-7.0
20.09.2020,85,nl,coffee,koffie,7.0
27.09.2020,91,nl,coffee,koffie,10.0
04.10.2020,93,nl,coffee,koffie,9.0
11.10.2020,94,nl,coffee,koffie,16.0
18.10.2020,88,nl,coffee,koffie,2.0
25.10.2020,86,nl,coffee,koffie,-5.0
01.11.2020,82,nl,coffee,koffie,-5.0
03.11.2019,91,ger,coffee,kaffee,7.0
10.11.2019,91,ger,coffee,kaffee,0.0
17.11.2019,92,ger,coffee,kaffee,4.0
24.11.2019,87,ger,coffee,kaffee,-2.0
01.12.2019,93,ger,coffee,kaffee,10.0
08.12.2019,94,ger,coffee,kaffee,9.0
15.12.2019,93,ger,coffee,kaffee,2.0
22.12.2019,100,ger,coffee,kaffee,13.0
29.12.2019,95,ger,coffee,kaffee,4.0
05.01.2020,96,ger,coffee,kaffee,10.0
12.01.2020,94,ger,coffee,kaffee,6.0
19.01.2020,99,ger,coffee,kaffee,12.0
26.01.2020,93,ger,coffee,kaffee,-2.0
02.02.2020,94,ger,coffee,kaffee,8.0
09.02.2020,97,ger,coffee,kaffee,8.0
16.02.2020,95,ger,coffee,kaffee,8.0
23.02.2020,87,ger,coffee,kaffee,-3.0
01.03.2020,90,ger,coffee,kaffee,0.0
08.03.2020,78,ger,coffee,kaffee,-15.0
15.03.2020,64,ger,coffee,kaffee,-25.0
22.03.2020,73,ger,coffee,kaffee,-16.0
29.03.2020,83,ger,coffee,kaffee,0.0
05.04.2020,81,ger,coffee,kaffee,-5.0
12.04.2020,87,ger,coffee,kaffee,0.0
19.04.2020,84,ger,coffee,kaffee,6.0
26.04.2020,83,ger,coffee,kaffee,-5.0
03.05.2020,92,ger,coffee,kaffee,4.0
10.05.2020,89,ger,coffee,kaffee,4.0
17.05.2020,96,ger,coffee,kaffee,16.0
24.05.2020,92,ger,coffee,kaffee,13.0
31.05.2020,93,ger,coffee,kaffee,17.0
07.06.2020,95,ger,coffee,kaffee,15.0
14.06.2020,89,ger,coffee,kaffee,12.0
21.06.2020,91,ger,coffee,kaffee,23.0
28.06.2020,93,ger,coffee,kaffee,15.0
05.07.2020,92,ger,coffee,kaffee,13.0
12.07.2020,93,ger,coffee,kaffee,9.0
19.07.2020,93,ger,coffee,kaffee,15.0
26.07.2020,95,ger,coffee,kaffee,12.0
02.08.2020,90,ger,coffee,kaffee,6.0
09.08.2020,90,ger,coffee,kaffee,0.0
16.08.2020,92,ger,coffee,kaffee,9.0
23.08.2020,99,ger,coffee,kaffee,21.0
30.08.2020,93,ger,coffee,kaffee,9.0
06.09.2020,96,ger,coffee,kaffee,15.0
13.09.2020,91,ger,coffee,kaffee,9.0
20.09.2020,94,ger,coffee,kaffee,8.0
27.09.2020,97,ger,coffee,kaffee,1.0
04.10.2020,92,ger,coffee,kaffee,3.0
11.10.2020,95,ger,coffee,kaffee,9.0
18.10.2020,93,ger,coffee,kaffee,10.0
25.10.2020,89,ger,coffee,kaffee,-3.0
01.11.2020,76,ger,coffee,kaffee,-15.0
03.11.2019,55,ger,cooking,kochen,7.0
10.11.2019,59,ger,cooking,kochen,11.0
17.11.2019,55,ger,cooking,kochen,9.0
24.11.2019,49,ger,cooking,kochen,5.0
01.12.2019,51,ger,cooking,kochen,7.0
08.12.2019,51,ger,cooking,kochen,4.0
15.12.2019,53,ger,cooking,kochen,3.0
22.12.2019,75,ger,cooking,kochen,14.0
29.12.2019,63,ger,cooking,kochen,6.0
05.01.2020,56,ger,cooking,kochen,6.0
12.01.2020,56,ger,cooking,kochen,7.0
19.01.2020,57,ger,cooking,kochen,7.0
26.01.2020,53,ger,cooking,kochen,4.0
02.02.2020,53,ger,cooking,kochen,5.0
09.02.2020,51,ger,cooking,kochen,5.0
16.02.2020,50,ger,cooking,kochen,6.0
23.02.2020,52,ger,cooking,kochen,10.0
01.03.2020,51,ger,cooking,kochen,5.0
08.03.2020,47,ger,cooking,kochen,-1.0
15.03.2020,50,ger,cooking,kochen,3.0
22.03.2020,63,ger,cooking,kochen,17.0
29.03.2020,72,ger,cooking,kochen,25.0
05.04.2020,100,ger,cooking,kochen,41.0
12.04.2020,84,ger,cooking,kochen,2.0
19.04.2020,78,ger,cooking,kochen,17.0
26.04.2020,82,ger,cooking,kochen,17.0
03.05.2020,73,ger,cooking,kochen,9.0
10.05.2020,74,ger,cooking,kochen,14.0
17.05.2020,67,ger,cooking,kochen,14.0
24.05.2020,60,ger,cooking,kochen,11.0
31.05.2020,59,ger,cooking,kochen,16.0
07.06.2020,58,ger,cooking,kochen,12.0
14.06.2020,54,ger,cooking,kochen,10.0
21.06.2020,49,ger,cooking,kochen,12.0
28.06.2020,48,ger,cooking,kochen,11.0
05.07.2020,48,ger,cooking,kochen,7.0
12.07.2020,49,ger,cooking,kochen,8.0
19.07.2020,47,ger,cooking,kochen,8.0
26.07.2020,48,ger,cooking,kochen,7.0
02.08.2020,48,ger,cooking,kochen,4.0
09.08.2020,45,ger,cooking,kochen,0.0
16.08.2020,47,ger,cooking,kochen,3.0
23.08.2020,53,ger,cooking,kochen,9.0
30.08.2020,51,ger,cooking,kochen,3.0
06.09.2020,52,ger,cooking,kochen,6.0
13.09.2020,48,ger,cooking,kochen,1.0
20.09.2020,53,ger,cooking,kochen,4.0
27.09.2020,54,ger,cooking,kochen,-1.0
04.10.2020,54,ger,cooking,kochen,-2.0
11.10.2020,61,ger,cooking,kochen,7.0
18.10.2020,61,ger,cooking,kochen,6.0
25.10.2020,59,ger,cooking,kochen,3.0
01.11.2020,56,ger,cooking,kochen,1.0
03.11.2019,24,uk,cooking,cooking,-1.0
10.11.2019,24,uk,cooking,cooking,0.0
17.11.2019,25,uk,cooking,cooking,1.0
24.11.2019,24,uk,cooking,cooking,0.0
01.12.2019,23,uk,cooking,cooking,-2.0
08.12.2019,24,uk,cooking,cooking,-1.0
15.12.2019,31,uk,cooking,cooking,-3.0
22.12.2019,100,uk,cooking,cooking,0.0
29.12.2019,31,uk,cooking,cooking,-1.0
05.01.2020,27,uk,cooking,cooking,1.0
12.01.2020,26,uk,cooking,cooking,0.0
19.01.2020,25,uk,cooking,cooking,0.0
26.01.2020,24,uk,cooking,cooking,1.0
02.02.2020,23,uk,cooking,cooking,-1.0
09.02.2020,25,uk,cooking,cooking,0.0
16.02.2020,24,uk,cooking,cooking,2.0
23.02.2020,25,uk,cooking,cooking,2.0
01.03.2020,24,uk,cooking,cooking,0.0
08.03.2020,22,uk,cooking,cooking,-3.0
15.03.2020,24,uk,cooking,cooking,0.0
22.03.2020,34,uk,cooking,cooking,11.0
29.03.2020,40,uk,cooking,cooking,17.0
05.04.2020,44,uk,cooking,cooking,21.0
12.04.2020,50,uk,cooking,cooking,25.0
19.04.2020,41,uk,cooking,cooking,16.0
26.04.2020,40,uk,cooking,cooking,19.0
03.05.2020,39,uk,cooking,cooking,16.0
10.05.2020,36,uk,cooking,cooking,16.0
17.05.2020,33,uk,cooking,cooking,14.0
24.05.2020,32,uk,cooking,cooking,12.0
31.05.2020,29,uk,cooking,cooking,8.0
07.06.2020,29,uk,cooking,cooking,6.0
14.06.2020,28,uk,cooking,cooking,7.0
21.06.2020,27,uk,cooking,cooking,8.0
28.06.2020,26,uk,cooking,cooking,7.0
05.07.2020,27,uk,cooking,cooking,7.0
12.07.2020,25,uk,cooking,cooking,6.0
19.07.2020,26,uk,cooking,cooking,7.0
26.07.2020,25,uk,cooking,cooking,5.0
02.08.2020,26,uk,cooking,cooking,6.0
09.08.2020,24,uk,cooking,cooking,1.0
16.08.2020,26,uk,cooking,cooking,4.0
23.08.2020,26,uk,cooking,cooking,3.0
30.08.2020,27,uk,cooking,cooking,4.0
06.09.2020,27,uk,cooking,cooking,5.0
13.09.2020,27,uk,cooking,cooking,5.0
20.09.2020,26,uk,cooking,cooking,3.0
27.09.2020,29,uk,cooking,cooking,6.0
04.10.2020,28,uk,cooking,cooking,5.0
11.10.2020,28,uk,cooking,cooking,5.0
18.10.2020,29,uk,cooking,cooking,6.0
25.10.2020,29,uk,cooking,cooking,5.0
01.11.2020,27,uk,cooking,cooking,3.0
03.11.2019,59,nl,cooking,koken,4.0
10.11.2019,55,nl,cooking,koken,7.0
17.11.2019,55,nl,cooking,koken,5.0
24.11.2019,52,nl,cooking,koken,-1.0
01.12.2019,48,nl,cooking,koken,2.0
08.12.2019,50,nl,cooking,koken,-1.0
15.12.2019,49,nl,cooking,koken,1.0
22.12.2019,70,nl,cooking,koken,-3.0
29.12.2019,50,nl,cooking,koken,-2.0
05.01.2020,55,nl,cooking,koken,-1.0
12.01.2020,57,nl,cooking,koken,2.0
19.01.2020,54,nl,cooking,koken,4.0
26.01.2020,50,nl,cooking,koken,1.0
02.02.2020,55,nl,cooking,koken,1.0
09.02.2020,51,nl,cooking,koken,0.0
16.02.2020,51,nl,cooking,koken,1.0
23.02.2020,52,nl,cooking,koken,8.0
01.03.2020,47,nl,cooking,koken,-3.0
08.03.2020,46,nl,cooking,koken,-3.0
15.03.2020,53,nl,cooking,koken,5.0
22.03.2020,61,nl,cooking,koken,9.0
29.03.2020,71,nl,cooking,koken,16.0
05.04.2020,75,nl,cooking,koken,14.0
12.04.2020,100,nl,cooking,koken,33.0
19.04.2020,87,nl,cooking,koken,13.0
26.04.2020,89,nl,cooking,koken,21.0
03.05.2020,77,nl,cooking,koken,13.0
10.05.2020,81,nl,cooking,koken,20.0
17.05.2020,73,nl,cooking,koken,20.0
24.05.2020,60,nl,cooking,koken,5.0
31.05.2020,56,nl,cooking,koken,7.0
07.06.2020,61,nl,cooking,koken,10.0
14.06.2020,58,nl,cooking,koken,12.0
21.06.2020,47,nl,cooking,koken,7.0
28.06.2020,52,nl,cooking,koken,12.0
05.07.2020,52,nl,cooking,koken,9.0
12.07.2020,52,nl,cooking,koken,6.0
19.07.2020,53,nl,cooking,koken,12.0
26.07.2020,54,nl,cooking,koken,8.0
02.08.2020,53,nl,cooking,koken,2.0
09.08.2020,45,nl,cooking,koken,-10.0
16.08.2020,51,nl,cooking,koken,0.0
23.08.2020,54,nl,cooking,koken,7.0
30.08.2020,58,nl,cooking,koken,5.0
06.09.2020,59,nl,cooking,koken,7.0
13.09.2020,55,nl,cooking,koken,3.0
20.09.2020,57,nl,cooking,koken,1.0
27.09.2020,65,nl,cooking,koken,15.0
04.10.2020,64,nl,cooking,koken,12.0
11.10.2020,63,nl,cooking,koken,11.0
18.10.2020,66,nl,cooking,koken,14.0
25.10.2020,63,nl,cooking,koken,11.0
01.11.2020,59,nl,cooking,koken,0.0
03.11.2019,4,ger,facemask,maske,0.0
10.11.2019,4,ger,facemask,maske,0.0
17.11.2019,4,ger,facemask,maske,0.0
24.11.2019,4,ger,facemask,maske,0.0
01.12.2019,4,ger,facemask,maske,0.0
08.12.2019,4,ger,facemask,maske,0.0
15.12.2019,4,ger,facemask,maske,0.0
22.12.2019,4,ger,facemask,maske,-1.0
29.12.2019,4,ger,facemask,maske,-1.0
05.01.2020,4,ger,facemask,maske,0.0
12.01.2020,4,ger,facemask,maske,-1.0
19.01.2020,5,ger,facemask,maske,0.0
26.01.2020,9,ger,facemask,maske,4.0
02.02.2020,7,ger,facemask,maske,2.0
09.02.2020,6,ger,facemask,maske,1.0
16.02.2020,7,ger,facemask,maske,1.0
23.02.2020,23,ger,facemask,maske,17.0
01.03.2020,10,ger,facemask,maske,5.0
08.03.2020,11,ger,facemask,maske,6.0
15.03.2020,20,ger,facemask,maske,15.0
22.03.2020,25,ger,facemask,maske,21.0
29.03.2020,36,ger,facemask,maske,32.0
05.04.2020,30,ger,facemask,maske,26.0
12.04.2020,41,ger,facemask,maske,37.0
19.04.2020,100,ger,facemask,maske,96.0
26.04.2020,78,ger,facemask,maske,74.0
03.05.2020,36,ger,facemask,maske,32.0
10.05.2020,32,ger,facemask,maske,28.0
17.05.2020,24,ger,facemask,maske,20.0
24.05.2020,20,ger,facemask,maske,16.0
31.05.2020,17,ger,facemask,maske,13.0
07.06.2020,16,ger,facemask,maske,12.0
14.06.2020,16,ger,facemask,maske,12.0
21.06.2020,14,ger,facemask,maske,10.0
28.06.2020,15,ger,facemask,maske,11.0
05.07.2020,16,ger,facemask,maske,12.0
12.07.2020,18,ger,facemask,maske,14.0
19.07.2020,16,ger,facemask,maske,12.0
26.07.2020,17,ger,facemask,maske,13.0
02.08.2020,21,ger,facemask,maske,17.0
09.08.2020,22,ger,facemask,maske,18.0
16.08.2020,24,ger,facemask,maske,20.0
23.08.2020,24,ger,facemask,maske,20.0
30.08.2020,21,ger,facemask,maske,17.0
06.09.2020,19,ger,facemask,maske,15.0
13.09.2020,18,ger,facemask,maske,14.0
20.09.2020,19,ger,facemask,maske,14.0
27.09.2020,22,ger,facemask,maske,17.0
04.10.2020,25,ger,facemask,maske,20.0
11.10.2020,31,ger,facemask,maske,26.0
18.10.2020,40,ger,facemask,maske,34.0
25.10.2020,51,ger,facemask,maske,44.0
01.11.2020,35,ger,facemask,maske,31.0
03.11.2019,2,uk,facemask,facemask,0.0
10.11.2019,2,uk,facemask,facemask,0.0
17.11.2019,3,uk,facemask,facemask,1.0
24.11.2019,2,uk,facemask,facemask,0.0
01.12.2019,3,uk,facemask,facemask,1.0
08.12.2019,3,uk,facemask,facemask,1.0
15.12.2019,3,uk,facemask,facemask,0.0
22.12.2019,2,uk,facemask,facemask,0.0
29.12.2019,3,uk,facemask,facemask,0.0
05.01.2020,2,uk,facemask,facemask,-1.0
12.01.2020,2,uk,facemask,facemask,0.0
19.01.2020,4,uk,facemask,facemask,2.0
26.01.2020,9,uk,facemask,facemask,7.0
02.02.2020,6,uk,facemask,facemask,4.0
09.02.2020,6,uk,facemask,facemask,4.0
16.02.2020,3,uk,facemask,facemask,0.0
23.02.2020,11,uk,facemask,facemask,9.0
01.03.2020,10,uk,facemask,facemask,8.0
08.03.2020,10,uk,facemask,facemask,8.0
15.03.2020,14,uk,facemask,facemask,12.0
22.03.2020,18,uk,facemask,facemask,16.0
29.03.2020,22,uk,facemask,facemask,20.0
05.04.2020,17,uk,facemask,facemask,15.0
12.04.2020,22,uk,facemask,facemask,20.0
19.04.2020,24,uk,facemask,facemask,22.0
26.04.2020,30,uk,facemask,facemask,28.0
03.05.2020,26,uk,facemask,facemask,24.0
10.05.2020,46,uk,facemask,facemask,44.0
17.05.2020,24,uk,facemask,facemask,22.0
24.05.2020,17,uk,facemask,facemask,15.0
31.05.2020,34,uk,facemask,facemask,32.0
07.06.2020,32,uk,facemask,facemask,30.0
14.06.2020,29,uk,facemask,facemask,27.0
21.06.2020,20,uk,facemask,facemask,18.0
28.06.2020,25,uk,facemask,facemask,23.0
05.07.2020,34,uk,facemask,facemask,32.0
12.07.2020,100,uk,facemask,facemask,98.0
19.07.2020,75,uk,facemask,facemask,73.0
26.07.2020,44,uk,facemask,facemask,42.0
02.08.2020,32,uk,facemask,facemask,30.0
09.08.2020,23,uk,facemask,facemask,21.0
16.08.2020,20,uk,facemask,facemask,18.0
23.08.2020,24,uk,facemask,facemask,22.0
30.08.2020,21,uk,facemask,facemask,19.0
06.09.2020,19,uk,facemask,facemask,17.0
13.09.2020,19,uk,facemask,facemask,17.0
20.09.2020,27,uk,facemask,facemask,25.0
27.09.2020,22,uk,facemask,facemask,20.0
04.10.2020,19,uk,facemask,facemask,17.0
11.10.2020,18,uk,facemask,facemask,16.0
18.10.2020,16,uk,facemask,facemask,14.0
25.10.2020,18,uk,facemask,facemask,15.0
01.11.2020,16,uk,facemask,facemask,14.0
03.11.2019,1,nl,facemask,mondkapje,0.0
10.11.2019,1,nl,facemask,mondkapje,0.0
17.11.2019,1,nl,facemask,mondkapje,0.0
24.11.2019,1,nl,facemask,mondkapje,0.0
01.12.2019,1,nl,facemask,mondkapje,0.0
08.12.2019,1,nl,facemask,mondkapje,0.0
15.12.2019,1,nl,facemask,mondkapje,0.0
22.12.2019,1,nl,facemask,mondkapje,0.0
29.12.2019,1,nl,facemask,mondkapje,0.0
05.01.2020,1,nl,facemask,mondkapje,0.0
12.01.2020,1,nl,facemask,mondkapje,0.0
19.01.2020,2,nl,facemask,mondkapje,1.0
26.01.2020,6,nl,facemask,mondkapje,5.0
02.02.2020,2,nl,facemask,mondkapje,1.0
09.02.2020,1,nl,facemask,mondkapje,0.0
16.02.2020,1,nl,facemask,mondkapje,0.0
23.02.2020,26,nl,facemask,mondkapje,25.0
01.03.2020,7,nl,facemask,mondkapje,7.0
08.03.2020,5,nl,facemask,mondkapje,4.0
15.03.2020,16,nl,facemask,mondkapje,15.0
22.03.2020,11,nl,facemask,mondkapje,10.0
29.03.2020,7,nl,facemask,mondkapje,6.0
05.04.2020,5,nl,facemask,mondkapje,4.0
12.04.2020,8,nl,facemask,mondkapje,7.0
19.04.2020,7,nl,facemask,mondkapje,6.0
26.04.2020,13,nl,facemask,mondkapje,12.0
03.05.2020,65,nl,facemask,mondkapje,64.0
10.05.2020,37,nl,facemask,mondkapje,36.0
17.05.2020,27,nl,facemask,mondkapje,26.0
24.05.2020,20,nl,facemask,mondkapje,19.0
31.05.2020,26,nl,facemask,mondkapje,25.0
07.06.2020,16,nl,facemask,mondkapje,15.0
14.06.2020,15,nl,facemask,mondkapje,14.0
21.06.2020,12,nl,facemask,mondkapje,11.0
28.06.2020,15,nl,facemask,mondkapje,14.0
05.07.2020,19,nl,facemask,mondkapje,18.0
12.07.2020,25,nl,facemask,mondkapje,24.0
19.07.2020,36,nl,facemask,mondkapje,35.0
26.07.2020,32,nl,facemask,mondkapje,31.0
02.08.2020,26,nl,facemask,mondkapje,25.0
09.08.2020,16,nl,facemask,mondkapje,15.0
16.08.2020,17,nl,facemask,mondkapje,17.0
23.08.2020,16,nl,facemask,mondkapje,15.0
30.08.2020,12,nl,facemask,mondkapje,11.0
06.09.2020,8,nl,facemask,mondkapje,7.0
13.09.2020,9,nl,facemask,mondkapje,8.0
20.09.2020,10,nl,facemask,mondkapje,9.0
27.09.2020,100,nl,facemask,mondkapje,99.0
04.10.2020,70,nl,facemask,mondkapje,69.0
11.10.2020,85,nl,facemask,mondkapje,84.0
18.10.2020,42,nl,facemask,mondkapje,41.0
25.10.2020,28,nl,facemask,mondkapje,27.0
01.11.2020,19,nl,facemask,mondkapje,18.0
03.11.2019,18,ger,grocerydelivery,lieferdienst,3.0
10.11.2019,18,ger,grocerydelivery,lieferdienst,2.0
17.11.2019,17,ger,grocerydelivery,lieferdienst,3.0
24.11.2019,20,ger,grocerydelivery,lieferdienst,0.0
01.12.2019,21,ger,grocerydelivery,lieferdienst,1.0
08.12.2019,19,ger,grocerydelivery,lieferdienst,-1.0
15.12.2019,20,ger,grocerydelivery,lieferdienst,2.0
22.12.2019,25,ger,grocerydelivery,lieferdienst,4.0
29.12.2019,26,ger,grocerydelivery,lieferdienst,-2.0
05.01.2020,18,ger,grocerydelivery,lieferdienst,0.0
12.01.2020,23,ger,grocerydelivery,lieferdienst,3.0
19.01.2020,18,ger,grocerydelivery,lieferdienst,-2.0
26.01.2020,21,ger,grocerydelivery,lieferdienst,4.0
02.02.2020,20,ger,grocerydelivery,lieferdienst,0.0
09.02.2020,21,ger,grocerydelivery,lieferdienst,2.0
16.02.2020,18,ger,grocerydelivery,lieferdienst,1.0
23.02.2020,19,ger,grocerydelivery,lieferdienst,0.0
01.03.2020,17,ger,grocerydelivery,lieferdienst,-5.0
08.03.2020,26,ger,grocerydelivery,lieferdienst,11.0
15.03.2020,82,ger,grocerydelivery,lieferdienst,63.0
22.03.2020,89,ger,grocerydelivery,lieferdienst,67.0
29.03.2020,100,ger,grocerydelivery,lieferdienst,84.0
05.04.2020,79,ger,grocerydelivery,lieferdienst,60.0
12.04.2020,45,ger,grocerydelivery,lieferdienst,27.0
19.04.2020,46,ger,grocerydelivery,lieferdienst,28.0
26.04.2020,56,ger,grocerydelivery,lieferdienst,35.0
03.05.2020,35,ger,grocerydelivery,lieferdienst,17.0
10.05.2020,35,ger,grocerydelivery,lieferdienst,18.0
17.05.2020,42,ger,grocerydelivery,lieferdienst,27.0
24.05.2020,33,ger,grocerydelivery,lieferdienst,15.0
31.05.2020,31,ger,grocerydelivery,lieferdienst,16.0
07.06.2020,28,ger,grocerydelivery,lieferdienst,9.0
14.06.2020,32,ger,grocerydelivery,lieferdienst,17.0
21.06.2020,25,ger,grocerydelivery,lieferdienst,8.0
28.06.2020,26,ger,grocerydelivery,lieferdienst,9.0
05.07.2020,25,ger,grocerydelivery,lieferdienst,8.0
12.07.2020,28,ger,grocerydelivery,lieferdienst,9.0
19.07.2020,26,ger,grocerydelivery,lieferdienst,11.0
26.07.2020,28,ger,grocerydelivery,lieferdienst,7.0
02.08.2020,34,ger,grocerydelivery,lieferdienst,12.0
09.08.2020,34,ger,grocerydelivery,lieferdienst,10.0
16.08.2020,29,ger,grocerydelivery,lieferdienst,10.0
23.08.2020,33,ger,grocerydelivery,lieferdienst,16.0
30.08.2020,25,ger,grocerydelivery,lieferdienst,9.0
06.09.2020,26,ger,grocerydelivery,lieferdienst,7.0
13.09.2020,26,ger,grocerydelivery,lieferdienst,5.0
20.09.2020,28,ger,grocerydelivery,lieferdienst,10.0
27.09.2020,31,ger,grocerydelivery,lieferdienst,7.0
04.10.2020,24,ger,grocerydelivery,lieferdienst,2.0
11.10.2020,31,ger,grocerydelivery,lieferdienst,15.0
18.10.2020,33,ger,grocerydelivery,lieferdienst,16.0
25.10.2020,35,ger,grocerydelivery,lieferdienst,9.0
01.11.2020,41,ger,grocerydelivery,lieferdienst,23.0
03.11.2019,2,uk,grocerydelivery,grocerydelivery,0.0
10.11.2019,4,uk,grocerydelivery,grocerydelivery,2.0
17.11.2019,4,uk,grocerydelivery,grocerydelivery,2.0
24.11.2019,3,uk,grocerydelivery,grocerydelivery,0.0
01.12.2019,3,uk,grocerydelivery,grocerydelivery,0.0
08.12.2019,3,uk,grocerydelivery,grocerydelivery,1.0
15.12.2019,5,uk,grocerydelivery,grocerydelivery,2.0
22.12.2019,3,uk,grocerydelivery,grocerydelivery,2.0
29.12.2019,4,uk,grocerydelivery,grocerydelivery,2.0
05.01.2020,4,uk,grocerydelivery,grocerydelivery,1.0
12.01.2020,3,uk,grocerydelivery,grocerydelivery,0.0
19.01.2020,3,uk,grocerydelivery,grocerydelivery,1.0
26.01.2020,4,uk,grocerydelivery,grocerydelivery,1.0
02.02.2020,3,uk,grocerydelivery,grocerydelivery,0.0
09.02.2020,5,uk,grocerydelivery,grocerydelivery,2.0
16.02.2020,4,uk,grocerydelivery,grocerydelivery,2.0
23.02.2020,3,uk,grocerydelivery,grocerydelivery,1.0
01.03.2020,5,uk,grocerydelivery,grocerydelivery,2.0
08.03.2020,9,uk,grocerydelivery,grocerydelivery,6.0
15.03.2020,43,uk,grocerydelivery,grocerydelivery,41.0
22.03.2020,100,uk,grocerydelivery,grocerydelivery,97.0
29.03.2020,63,uk,grocerydelivery,grocerydelivery,61.0
05.04.2020,39,uk,grocerydelivery,grocerydelivery,37.0
12.04.2020,32,uk,grocerydelivery,grocerydelivery,29.0
19.04.2020,22,uk,grocerydelivery,grocerydelivery,20.0
26.04.2020,16,uk,grocerydelivery,grocerydelivery,13.0
03.05.2020,11,uk,grocerydelivery,grocerydelivery,9.0
10.05.2020,12,uk,grocerydelivery,grocerydelivery,10.0
17.05.2020,9,uk,grocerydelivery,grocerydelivery,8.0
24.05.2020,8,uk,grocerydelivery,grocerydelivery,6.0
31.05.2020,8,uk,grocerydelivery,grocerydelivery,5.0
07.06.2020,6,uk,grocerydelivery,grocerydelivery,4.0
14.06.2020,7,uk,grocerydelivery,grocerydelivery,4.0
21.06.2020,6,uk,grocerydelivery,grocerydelivery,3.0
28.06.2020,4,uk,grocerydelivery,grocerydelivery,1.0
05.07.2020,5,uk,grocerydelivery,grocerydelivery,2.0
12.07.2020,3,uk,grocerydelivery,grocerydelivery,1.0
19.07.2020,5,uk,grocerydelivery,grocerydelivery,3.0
26.07.2020,6,uk,grocerydelivery,grocerydelivery,3.0
02.08.2020,6,uk,grocerydelivery,grocerydelivery,3.0
09.08.2020,5,uk,grocerydelivery,grocerydelivery,2.0
16.08.2020,5,uk,grocerydelivery,grocerydelivery,2.0
23.08.2020,7,uk,grocerydelivery,grocerydelivery,4.0
30.08.2020,8,uk,grocerydelivery,grocerydelivery,5.0
06.09.2020,7,uk,grocerydelivery,grocerydelivery,4.0
13.09.2020,5,uk,grocerydelivery,grocerydelivery,2.0
20.09.2020,8,uk,grocerydelivery,grocerydelivery,6.0
27.09.2020,9,uk,grocerydelivery,grocerydelivery,6.0
04.10.2020,9,uk,grocerydelivery,grocerydelivery,6.0
11.10.2020,7,uk,grocerydelivery,grocerydelivery,4.0
18.10.2020,6,uk,grocerydelivery,grocerydelivery,2.0
25.10.2020,6,uk,grocerydelivery,grocerydelivery,3.0
01.11.2020,9,uk,grocerydelivery,grocerydelivery,7.0
03.11.2019,9,nl,grocerydelivery,boodschappenbezorgen,-2.0
10.11.2019,3,nl,grocerydelivery,boodschappenbezorgen,-12.0
17.11.2019,5,nl,grocerydelivery,boodschappenbezorgen,0.0
24.11.2019,8,nl,grocerydelivery,boodschappenbezorgen,0.0
01.12.2019,7,nl,grocerydelivery,boodschappenbezorgen,-2.0
08.12.2019,5,nl,grocerydelivery,boodschappenbezorgen,-6.0
15.12.2019,9,nl,grocerydelivery,boodschappenbezorgen,1.0
22.12.2019,3,nl,grocerydelivery,boodschappenbezorgen,-5.0
29.12.2019,5,nl,grocerydelivery,boodschappenbezorgen,-8.0
05.01.2020,8,nl,grocerydelivery,boodschappenbezorgen,0.0
12.01.2020,6,nl,grocerydelivery,boodschappenbezorgen,-2.0
19.01.2020,4,nl,grocerydelivery,boodschappenbezorgen,-6.0
26.01.2020,6,nl,grocerydelivery,boodschappenbezorgen,-5.0
02.02.2020,13,nl,grocerydelivery,boodschappenbezorgen,3.0
09.02.2020,8,nl,grocerydelivery,boodschappenbezorgen,-3.0
16.02.2020,10,nl,grocerydelivery,boodschappenbezorgen,-4.0
23.02.2020,16,nl,grocerydelivery,boodschappenbezorgen,8.0
01.03.2020,7,nl,grocerydelivery,boodschappenbezorgen,0.0
08.03.2020,29,nl,grocerydelivery,boodschappenbezorgen,22.0
15.03.2020,93,nl,grocerydelivery,boodschappenbezorgen,87.0
22.03.2020,100,nl,grocerydelivery,boodschappenbezorgen,95.0
29.03.2020,45,nl,grocerydelivery,boodschappenbezorgen,36.0
05.04.2020,18,nl,grocerydelivery,boodschappenbezorgen,10.0
12.04.2020,16,nl,grocerydelivery,boodschappenbezorgen,10.0
19.04.2020,17,nl,grocerydelivery,boodschappenbezorgen,14.0
26.04.2020,8,nl,grocerydelivery,boodschappenbezorgen,3.0
03.05.2020,8,nl,grocerydelivery,boodschappenbezorgen,0.0
10.05.2020,11,nl,grocerydelivery,boodschappenbezorgen,4.0
17.05.2020,8,nl,grocerydelivery,boodschappenbezorgen,2.0
24.05.2020,9,nl,grocerydelivery,boodschappenbezorgen,2.0
31.05.2020,8,nl,grocerydelivery,boodschappenbezorgen,2.0
07.06.2020,7,nl,grocerydelivery,boodschappenbezorgen,2.0
14.06.2020,12,nl,grocerydelivery,boodschappenbezorgen,5.0
21.06.2020,4,nl,grocerydelivery,boodschappenbezorgen,-8.0
28.06.2020,6,nl,grocerydelivery,boodschappenbezorgen,-5.0
05.07.2020,8,nl,grocerydelivery,boodschappenbezorgen,4.0
12.07.2020,7,nl,grocerydelivery,boodschappenbezorgen,1.0
19.07.2020,10,nl,grocerydelivery,boodschappenbezorgen,1.0
26.07.2020,10,nl,grocerydelivery,boodschappenbezorgen,1.0
02.08.2020,8,nl,grocerydelivery,boodschappenbezorgen,-5.0
09.08.2020,8,nl,grocerydelivery,boodschappenbezorgen,4.0
16.08.2020,9,nl,grocerydelivery,boodschappenbezorgen,3.0
23.08.2020,12,nl,grocerydelivery,boodschappenbezorgen,4.0
30.08.2020,12,nl,grocerydelivery,boodschappenbezorgen,5.0
06.09.2020,10,nl,grocerydelivery,boodschappenbezorgen,2.0
13.09.2020,16,nl,grocerydelivery,boodschappenbezorgen,3.0
20.09.2020,15,nl,grocerydelivery,boodschappenbezorgen,5.0
27.09.2020,20,nl,grocerydelivery,boodschappenbezorgen,13.0
04.10.2020,29,nl,grocerydelivery,boodschappenbezorgen,20.0
11.10.2020,36,nl,grocerydelivery,boodschappenbezorgen,32.0
18.10.2020,23,nl,grocerydelivery,boodschappenbezorgen,18.0
25.10.2020,23,nl,grocerydelivery,boodschappenbezorgen,20.0
01.11.2020,12,nl,grocerydelivery,boodschappenbezorgen,3.0
03.11.2019,2,ger,hand-sanitizer,desinfektionsmittel,0.0
10.11.2019,2,ger,hand-sanitizer,desinfektionsmittel,0.0
17.11.2019,2,ger,hand-sanitizer,desinfektionsmittel,1.0
24.11.2019,2,ger,hand-sanitizer,desinfektionsmittel,0.0
01.12.2019,2,ger,hand-sanitizer,desinfektionsmittel,1.0
08.12.2019,1,ger,hand-sanitizer,desinfektionsmittel,0.0
15.12.2019,1,ger,hand-sanitizer,desinfektionsmittel,0.0
22.12.2019,1,ger,hand-sanitizer,desinfektionsmittel,0.0
29.12.2019,1,ger,hand-sanitizer,desinfektionsmittel,0.0
05.01.2020,2,ger,hand-sanitizer,desinfektionsmittel,1.0
12.01.2020,1,ger,hand-sanitizer,desinfektionsmittel,0.0
19.01.2020,2,ger,hand-sanitizer,desinfektionsmittel,1.0
26.01.2020,4,ger,hand-sanitizer,desinfektionsmittel,2.0
02.02.2020,4,ger,hand-sanitizer,desinfektionsmittel,2.0
09.02.2020,3,ger,hand-sanitizer,desinfektionsmittel,1.0
16.02.2020,2,ger,hand-sanitizer,desinfektionsmittel,0.0
23.02.2020,72,ger,hand-sanitizer,desinfektionsmittel,71.0
01.03.2020,91,ger,hand-sanitizer,desinfektionsmittel,89.0
08.03.2020,93,ger,hand-sanitizer,desinfektionsmittel,92.0
15.03.2020,100,ger,hand-sanitizer,desinfektionsmittel,99.0
22.03.2020,58,ger,hand-sanitizer,desinfektionsmittel,56.0
29.03.2020,33,ger,hand-sanitizer,desinfektionsmittel,32.0
05.04.2020,20,ger,hand-sanitizer,desinfektionsmittel,19.0
12.04.2020,21,ger,hand-sanitizer,desinfektionsmittel,20.0
19.04.2020,38,ger,hand-sanitizer,desinfektionsmittel,37.0
26.04.2020,27,ger,hand-sanitizer,desinfektionsmittel,26.0
03.05.2020,16,ger,hand-sanitizer,desinfektionsmittel,14.0
10.05.2020,16,ger,hand-sanitizer,desinfektionsmittel,15.0
17.05.2020,11,ger,hand-sanitizer,desinfektionsmittel,10.0
24.05.2020,10,ger,hand-sanitizer,desinfektionsmittel,9.0
31.05.2020,7,ger,hand-sanitizer,desinfektionsmittel,6.0
07.06.2020,6,ger,hand-sanitizer,desinfektionsmittel,5.0
14.06.2020,6,ger,hand-sanitizer,desinfektionsmittel,5.0
21.06.2020,5,ger,hand-sanitizer,desinfektionsmittel,3.0
28.06.2020,5,ger,hand-sanitizer,desinfektionsmittel,4.0
05.07.2020,5,ger,hand-sanitizer,desinfektionsmittel,4.0
12.07.2020,4,ger,hand-sanitizer,desinfektionsmittel,2.0
19.07.2020,4,ger,hand-sanitizer,desinfektionsmittel,2.0
26.07.2020,4,ger,hand-sanitizer,desinfektionsmittel,2.0
02.08.2020,6,ger,hand-sanitizer,desinfektionsmittel,5.0
09.08.2020,6,ger,hand-sanitizer,desinfektionsmittel,5.0
16.08.2020,5,ger,hand-sanitizer,desinfektionsmittel,4.0
23.08.2020,5,ger,hand-sanitizer,desinfektionsmittel,4.0
30.08.2020,5,ger,hand-sanitizer,desinfektionsmittel,4.0
06.09.2020,4,ger,hand-sanitizer,desinfektionsmittel,3.0
13.09.2020,5,ger,hand-sanitizer,desinfektionsmittel,4.0
20.09.2020,5,ger,hand-sanitizer,desinfektionsmittel,3.0
27.09.2020,5,ger,hand-sanitizer,desinfektionsmittel,4.0
04.10.2020,4,ger,hand-sanitizer,desinfektionsmittel,2.0
11.10.2020,5,ger,hand-sanitizer,desinfektionsmittel,3.0
18.10.2020,6,ger,hand-sanitizer,desinfektionsmittel,4.0
25.10.2020,6,ger,hand-sanitizer,desinfektionsmittel,4.0
01.11.2020,6,ger,hand-sanitizer,desinfektionsmittel,4.0
03.11.2019,2,nl,hand-sanitizer,desinfectiemiddel,2.0
10.11.2019,4,nl,hand-sanitizer,desinfectiemiddel,4.0
17.11.2019,0,nl,hand-sanitizer,desinfectiemiddel,-2.0
24.11.2019,0,nl,hand-sanitizer,desinfectiemiddel,0.0
01.12.2019,0,nl,hand-sanitizer,desinfectiemiddel,0.0
08.12.2019,2,nl,hand-sanitizer,desinfectiemiddel,0.0
15.12.2019,2,nl,hand-sanitizer,desinfectiemiddel,2.0
22.12.2019,0,nl,hand-sanitizer,desinfectiemiddel,-3.0
29.12.2019,2,nl,hand-sanitizer,desinfectiemiddel,2.0
05.01.2020,2,nl,hand-sanitizer,desinfectiemiddel,0.0
12.01.2020,2,nl,hand-sanitizer,desinfectiemiddel,0.0
19.01.2020,0,nl,hand-sanitizer,desinfectiemiddel,-2.0
26.01.2020,3,nl,hand-sanitizer,desinfectiemiddel,1.0
02.02.2020,0,nl,hand-sanitizer,desinfectiemiddel,-2.0
09.02.2020,0,nl,hand-sanitizer,desinfectiemiddel,0.0
16.02.2020,6,nl,hand-sanitizer,desinfectiemiddel,4.0
23.02.2020,19,nl,hand-sanitizer,desinfectiemiddel,15.0
01.03.2020,14,nl,hand-sanitizer,desinfectiemiddel,14.0
08.03.2020,15,nl,hand-sanitizer,desinfectiemiddel,15.0
15.03.2020,29,nl,hand-sanitizer,desinfectiemiddel,27.0
22.03.2020,100,nl,hand-sanitizer,desinfectiemiddel,100.0
29.03.2020,9,nl,hand-sanitizer,desinfectiemiddel,9.0
05.04.2020,12,nl,hand-sanitizer,desinfectiemiddel,12.0
12.04.2020,6,nl,hand-sanitizer,desinfectiemiddel,6.0
19.04.2020,14,nl,hand-sanitizer,desinfectiemiddel,12.0
26.04.2020,10,nl,hand-sanitizer,desinfectiemiddel,8.0
03.05.2020,14,nl,hand-sanitizer,desinfectiemiddel,12.0
10.05.2020,25,nl,hand-sanitizer,desinfectiemiddel,25.0
17.05.2020,11,nl,hand-sanitizer,desinfectiemiddel,11.0
24.05.2020,13,nl,hand-sanitizer,desinfectiemiddel,9.0
31.05.2020,4,nl,hand-sanitizer,desinfectiemiddel,4.0
07.06.2020,7,nl,hand-sanitizer,desinfectiemiddel,5.0
14.06.2020,4,nl,hand-sanitizer,desinfectiemiddel,-2.0
21.06.2020,4,nl,hand-sanitizer,desinfectiemiddel,4.0
28.06.2020,4,nl,hand-sanitizer,desinfectiemiddel,2.0
05.07.2020,5,nl,hand-sanitizer,desinfectiemiddel,5.0
12.07.2020,6,nl,hand-sanitizer,desinfectiemiddel,-3.0
19.07.2020,4,nl,hand-sanitizer,desinfectiemiddel,4.0
26.07.2020,2,nl,hand-sanitizer,desinfectiemiddel,2.0
02.08.2020,4,nl,hand-sanitizer,desinfectiemiddel,4.0
09.08.2020,4,nl,hand-sanitizer,desinfectiemiddel,4.0
16.08.2020,8,nl,hand-sanitizer,desinfectiemiddel,6.0
23.08.2020,7,nl,hand-sanitizer,desinfectiemiddel,7.0
30.08.2020,2,nl,hand-sanitizer,desinfectiemiddel,0.0
06.09.2020,4,nl,hand-sanitizer,desinfectiemiddel,2.0
13.09.2020,3,nl,hand-sanitizer,desinfectiemiddel,1.0
20.09.2020,4,nl,hand-sanitizer,desinfectiemiddel,2.0
27.09.2020,5,nl,hand-sanitizer,desinfectiemiddel,5.0
04.10.2020,3,nl,hand-sanitizer,desinfectiemiddel,1.0
11.10.2020,7,nl,hand-sanitizer,desinfectiemiddel,7.0
18.10.2020,6,nl,hand-sanitizer,desinfectiemiddel,4.0
25.10.2020,4,nl,hand-sanitizer,desinfectiemiddel,2.0
01.11.2020,4,nl,hand-sanitizer,desinfectiemiddel,2.0
03.11.2019,1,uk,hand-sanitizer,hand-sanitizer,0.0
10.11.2019,1,uk,hand-sanitizer,hand-sanitizer,0.0
17.11.2019,1,uk,hand-sanitizer,hand-sanitizer,0.0
24.11.2019,1,uk,hand-sanitizer,hand-sanitizer,0.0
01.12.2019,1,uk,hand-sanitizer,hand-sanitizer,0.0
08.12.2019,1,uk,hand-sanitizer,hand-sanitizer,0.0
15.12.2019,1,uk,hand-sanitizer,hand-sanitizer,0.0
22.12.2019,1,uk,hand-sanitizer,hand-sanitizer,0.0
29.12.2019,1,uk,hand-sanitizer,hand-sanitizer,0.0
05.01.2020,1,uk,hand-sanitizer,hand-sanitizer,0.0
12.01.2020,1,uk,hand-sanitizer,hand-sanitizer,0.0
19.01.2020,1,uk,hand-sanitizer,hand-sanitizer,0.0
26.01.2020,1,uk,hand-sanitizer,hand-sanitizer,0.0
02.02.2020,1,uk,hand-sanitizer,hand-sanitizer,0.0
09.02.2020,3,uk,hand-sanitizer,hand-sanitizer,2.0
16.02.2020,1,uk,hand-sanitizer,hand-sanitizer,0.0
23.02.2020,13,uk,hand-sanitizer,hand-sanitizer,12.0
01.03.2020,90,uk,hand-sanitizer,hand-sanitizer,89.0
08.03.2020,100,uk,hand-sanitizer,hand-sanitizer,99.0
15.03.2020,85,uk,hand-sanitizer,hand-sanitizer,84.0
22.03.2020,27,uk,hand-sanitizer,hand-sanitizer,26.0
29.03.2020,17,uk,hand-sanitizer,hand-sanitizer,16.0
05.04.2020,11,uk,hand-sanitizer,hand-sanitizer,10.0
12.04.2020,10,uk,hand-sanitizer,hand-sanitizer,9.0
19.04.2020,8,uk,hand-sanitizer,hand-sanitizer,7.0
26.04.2020,7,uk,hand-sanitizer,hand-sanitizer,6.0
03.05.2020,7,uk,hand-sanitizer,hand-sanitizer,6.0
10.05.2020,9,uk,hand-sanitizer,hand-sanitizer,8.0
17.05.2020,8,uk,hand-sanitizer,hand-sanitizer,7.0
24.05.2020,7,uk,hand-sanitizer,hand-sanitizer,6.0
31.05.2020,7,uk,hand-sanitizer,hand-sanitizer,6.0
07.06.2020,6,uk,hand-sanitizer,hand-sanitizer,5.0
14.06.2020,6,uk,hand-sanitizer,hand-sanitizer,5.0
21.06.2020,7,uk,hand-sanitizer,hand-sanitizer,6.0
28.06.2020,6,uk,hand-sanitizer,hand-sanitizer,5.0
05.07.2020,6,uk,hand-sanitizer,hand-sanitizer,5.0
12.07.2020,6,uk,hand-sanitizer,hand-sanitizer,5.0
19.07.2020,5,uk,hand-sanitizer,hand-sanitizer,4.0
26.07.2020,4,uk,hand-sanitizer,hand-sanitizer,3.0
02.08.2020,5,uk,hand-sanitizer,hand-sanitizer,4.0
09.08.2020,4,uk,hand-sanitizer,hand-sanitizer,3.0
16.08.2020,4,uk,hand-sanitizer,hand-sanitizer,3.0
23.08.2020,4,uk,hand-sanitizer,hand-sanitizer,3.0
30.08.2020,5,uk,hand-sanitizer,hand-sanitizer,4.0
06.09.2020,4,uk,hand-sanitizer,hand-sanitizer,3.0
13.09.2020,4,uk,hand-sanitizer,hand-sanitizer,3.0
20.09.2020,5,uk,hand-sanitizer,hand-sanitizer,4.0
27.09.2020,3,uk,hand-sanitizer,hand-sanitizer,2.0
04.10.2020,3,uk,hand-sanitizer,hand-sanitizer,2.0
11.10.2020,3,uk,hand-sanitizer,hand-sanitizer,2.0
18.10.2020,2,uk,hand-sanitizer,hand-sanitizer,1.0
25.10.2020,2,uk,hand-sanitizer,hand-sanitizer,1.0
01.11.2020,2,uk,hand-sanitizer,hand-sanitizer,1.0
03.11.2019,64,ger,pasta,pasta,4.0
10.11.2019,65,ger,pasta,pasta,1.0
17.11.2019,73,ger,pasta,pasta,23.0
24.11.2019,53,ger,pasta,pasta,-4.0
01.12.2019,64,ger,pasta,pasta,8.0
08.12.2019,62,ger,pasta,pasta,0.0
15.12.2019,59,ger,pasta,pasta,-2.0
22.12.2019,70,ger,pasta,pasta,5.0
29.12.2019,67,ger,pasta,pasta,0.0
05.01.2020,67,ger,pasta,pasta,3.0
12.01.2020,70,ger,pasta,pasta,10.0
19.01.2020,67,ger,pasta,pasta,8.0
26.01.2020,63,ger,pasta,pasta,0.0
02.02.2020,64,ger,pasta,pasta,0.0
09.02.2020,65,ger,pasta,pasta,3.0
16.02.2020,66,ger,pasta,pasta,5.0
23.02.2020,70,ger,pasta,pasta,7.0
01.03.2020,65,ger,pasta,pasta,8.0
08.03.2020,64,ger,pasta,pasta,2.0
15.03.2020,67,ger,pasta,pasta,3.0
22.03.2020,76,ger,pasta,pasta,19.0
29.03.2020,81,ger,pasta,pasta,19.0
05.04.2020,83,ger,pasta,pasta,22.0
12.04.2020,83,ger,pasta,pasta,24.0
19.04.2020,77,ger,pasta,pasta,14.0
26.04.2020,100,ger,pasta,pasta,37.0
03.05.2020,80,ger,pasta,pasta,18.0
10.05.2020,71,ger,pasta,pasta,4.0
17.05.2020,77,ger,pasta,pasta,15.0
24.05.2020,76,ger,pasta,pasta,13.0
31.05.2020,75,ger,pasta,pasta,21.0
07.06.2020,73,ger,pasta,pasta,12.0
14.06.2020,69,ger,pasta,pasta,10.0
21.06.2020,63,ger,pasta,pasta,9.0
28.06.2020,66,ger,pasta,pasta,11.0
05.07.2020,74,ger,pasta,pasta,18.0
12.07.2020,78,ger,pasta,pasta,24.0
19.07.2020,73,ger,pasta,pasta,16.0
26.07.2020,74,ger,pasta,pasta,14.0
02.08.2020,67,ger,pasta,pasta,4.0
09.08.2020,64,ger,pasta,pasta,3.0
16.08.2020,65,ger,pasta,pasta,5.0
23.08.2020,82,ger,pasta,pasta,19.0
30.08.2020,83,ger,pasta,pasta,22.0
06.09.2020,66,ger,pasta,pasta,6.0
13.09.2020,64,ger,pasta,pasta,1.0
20.09.2020,68,ger,pasta,pasta,8.0
27.09.2020,75,ger,pasta,pasta,5.0
04.10.2020,75,ger,pasta,pasta,11.0
11.10.2020,82,ger,pasta,pasta,22.0
18.10.2020,71,ger,pasta,pasta,8.0
25.10.2020,75,ger,pasta,pasta,10.0
01.11.2020,72,ger,pasta,pasta,8.0
03.11.2019,72,nl,pasta,pasta,6.0
10.11.2019,66,nl,pasta,pasta,-1.0
17.11.2019,69,nl,pasta,pasta,10.0
24.11.2019,65,nl,pasta,pasta,2.0
01.12.2019,67,nl,pasta,pasta,8.0
08.12.2019,65,nl,pasta,pasta,4.0
15.12.2019,62,nl,pasta,pasta,-2.0
22.12.2019,58,nl,pasta,pasta,2.0
29.12.2019,74,nl,pasta,pasta,0.0
05.01.2020,88,nl,pasta,pasta,16.0
12.01.2020,79,nl,pasta,pasta,5.0
19.01.2020,78,nl,pasta,pasta,11.0
26.01.2020,81,nl,pasta,pasta,10.0
02.02.2020,81,nl,pasta,pasta,5.0
09.02.2020,79,nl,pasta,pasta,6.0
16.02.2020,84,nl,pasta,pasta,12.0
23.02.2020,79,nl,pasta,pasta,5.0
01.03.2020,87,nl,pasta,pasta,16.0
08.03.2020,75,nl,pasta,pasta,0.0
15.03.2020,70,nl,pasta,pasta,3.0
22.03.2020,84,nl,pasta,pasta,12.0
29.03.2020,86,nl,pasta,pasta,15.0
05.04.2020,89,nl,pasta,pasta,17.0
12.04.2020,96,nl,pasta,pasta,25.0
19.04.2020,94,nl,pasta,pasta,36.0
26.04.2020,100,nl,pasta,pasta,26.0
03.05.2020,97,nl,pasta,pasta,28.0
10.05.2020,97,nl,pasta,pasta,27.0
17.05.2020,91,nl,pasta,pasta,18.0
24.05.2020,87,nl,pasta,pasta,18.0
31.05.2020,87,nl,pasta,pasta,17.0
07.06.2020,93,nl,pasta,pasta,28.0
14.06.2020,84,nl,pasta,pasta,16.0
21.06.2020,80,nl,pasta,pasta,11.0
28.06.2020,79,nl,pasta,pasta,10.0
05.07.2020,86,nl,pasta,pasta,12.0
12.07.2020,81,nl,pasta,pasta,7.0
19.07.2020,90,nl,pasta,pasta,11.0
26.07.2020,89,nl,pasta,pasta,17.0
02.08.2020,89,nl,pasta,pasta,21.0
09.08.2020,92,nl,pasta,pasta,13.0
16.08.2020,91,nl,pasta,pasta,12.0
23.08.2020,87,nl,pasta,pasta,12.0
30.08.2020,87,nl,pasta,pasta,17.0
06.09.2020,86,nl,pasta,pasta,11.0
13.09.2020,86,nl,pasta,pasta,12.0
20.09.2020,83,nl,pasta,pasta,9.0
27.09.2020,84,nl,pasta,pasta,12.0
04.10.2020,85,nl,pasta,pasta,14.0
11.10.2020,92,nl,pasta,pasta,21.0
18.10.2020,85,nl,pasta,pasta,8.0
25.10.2020,87,nl,pasta,pasta,13.0
01.11.2020,87,nl,pasta,pasta,15.0
03.11.2019,57,uk,pasta,pasta,5.0
10.11.2019,56,uk,pasta,pasta,4.0
17.11.2019,55,uk,pasta,pasta,5.0
24.11.2019,51,uk,pasta,pasta,3.0
01.12.2019,49,uk,pasta,pasta,3.0
08.12.2019,47,uk,pasta,pasta,1.0
15.12.2019,49,uk,pasta,pasta,9.0
22.12.2019,38,uk,pasta,pasta,3.0
29.12.2019,62,uk,pasta,pasta,2.0
05.01.2020,74,uk,pasta,pasta,5.0
12.01.2020,69,uk,pasta,pasta,1.0
19.01.2020,70,uk,pasta,pasta,8.0
26.01.2020,64,uk,pasta,pasta,5.0
02.02.2020,67,uk,pasta,pasta,5.0
09.02.2020,66,uk,pasta,pasta,7.0
16.02.2020,66,uk,pasta,pasta,7.0
23.02.2020,64,uk,pasta,pasta,5.0
01.03.2020,67,uk,pasta,pasta,7.0
08.03.2020,69,uk,pasta,pasta,9.0
15.03.2020,93,uk,pasta,pasta,35.0
22.03.2020,90,uk,pasta,pasta,31.0
29.03.2020,100,uk,pasta,pasta,45.0
05.04.2020,99,uk,pasta,pasta,40.0
12.04.2020,100,uk,pasta,pasta,47.0
19.04.2020,95,uk,pasta,pasta,43.0
26.04.2020,89,uk,pasta,pasta,34.0
03.05.2020,88,uk,pasta,pasta,31.0
10.05.2020,88,uk,pasta,pasta,34.0
17.05.2020,83,uk,pasta,pasta,32.0
24.05.2020,77,uk,pasta,pasta,25.0
31.05.2020,76,uk,pasta,pasta,24.0
07.06.2020,76,uk,pasta,pasta,21.0
14.06.2020,71,uk,pasta,pasta,17.0
21.06.2020,69,uk,pasta,pasta,19.0
28.06.2020,70,uk,pasta,pasta,17.0
05.07.2020,68,uk,pasta,pasta,15.0
12.07.2020,65,uk,pasta,pasta,8.0
19.07.2020,69,uk,pasta,pasta,17.0
26.07.2020,65,uk,pasta,pasta,9.0
02.08.2020,67,uk,pasta,pasta,9.0
09.08.2020,66,uk,pasta,pasta,10.0
16.08.2020,65,uk,pasta,pasta,8.0
23.08.2020,68,uk,pasta,pasta,10.0
30.08.2020,71,uk,pasta,pasta,12.0
06.09.2020,72,uk,pasta,pasta,12.0
13.09.2020,65,uk,pasta,pasta,8.0
20.09.2020,68,uk,pasta,pasta,13.0
27.09.2020,70,uk,pasta,pasta,13.0
04.10.2020,68,uk,pasta,pasta,9.0
11.10.2020,69,uk,pasta,pasta,14.0
18.10.2020,68,uk,pasta,pasta,11.0
25.10.2020,65,uk,pasta,pasta,11.0
01.11.2020,66,uk,pasta,pasta,9.0
03.11.2019,68,uk,restaurant,restaurant,0.0
10.11.2019,69,uk,restaurant,restaurant,2.0
17.11.2019,65,uk,restaurant,restaurant,3.0
24.11.2019,62,uk,restaurant,restaurant,-2.0
01.12.2019,62,uk,restaurant,restaurant,-3.0
08.12.2019,72,uk,restaurant,restaurant,7.0
15.12.2019,71,uk,restaurant,restaurant,6.0
22.12.2019,70,uk,restaurant,restaurant,3.0
29.12.2019,77,uk,restaurant,restaurant,6.0
05.01.2020,65,uk,restaurant,restaurant,0.0
12.01.2020,68,uk,restaurant,restaurant,3.0
19.01.2020,71,uk,restaurant,restaurant,2.0
26.01.2020,67,uk,restaurant,restaurant,5.0
02.02.2020,69,uk,restaurant,restaurant,-2.0
09.02.2020,75,uk,restaurant,restaurant,-1.0
16.02.2020,70,uk,restaurant,restaurant,0.0
23.02.2020,64,uk,restaurant,restaurant,-1.0
01.03.2020,61,uk,restaurant,restaurant,-3.0
08.03.2020,52,uk,restaurant,restaurant,-17.0
15.03.2020,35,uk,restaurant,restaurant,-35.0
22.03.2020,22,uk,restaurant,restaurant,-47.0
29.03.2020,25,uk,restaurant,restaurant,-43.0
05.04.2020,23,uk,restaurant,restaurant,-44.0
12.04.2020,25,uk,restaurant,restaurant,-42.0
19.04.2020,23,uk,restaurant,restaurant,-38.0
26.04.2020,24,uk,restaurant,restaurant,-38.0
03.05.2020,24,uk,restaurant,restaurant,-38.0
10.05.2020,24,uk,restaurant,restaurant,-39.0
17.05.2020,26,uk,restaurant,restaurant,-40.0
24.05.2020,24,uk,restaurant,restaurant,-43.0
31.05.2020,27,uk,restaurant,restaurant,-37.0
07.06.2020,26,uk,restaurant,restaurant,-41.0
14.06.2020,28,uk,restaurant,restaurant,-38.0
21.06.2020,33,uk,restaurant,restaurant,-31.0
28.06.2020,40,uk,restaurant,restaurant,-23.0
05.07.2020,53,uk,restaurant,restaurant,-14.0
12.07.2020,57,uk,restaurant,restaurant,-9.0
19.07.2020,66,uk,restaurant,restaurant,-3.0
26.07.2020,68,uk,restaurant,restaurant,-4.0
02.08.2020,88,uk,restaurant,restaurant,13.0
09.08.2020,90,uk,restaurant,restaurant,16.0
16.08.2020,98,uk,restaurant,restaurant,25.0
23.08.2020,100,uk,restaurant,restaurant,26.0
30.08.2020,85,uk,restaurant,restaurant,17.0
06.09.2020,71,uk,restaurant,restaurant,1.0
13.09.2020,66,uk,restaurant,restaurant,-3.0
20.09.2020,63,uk,restaurant,restaurant,-5.0
27.09.2020,61,uk,restaurant,restaurant,-7.0
04.10.2020,62,uk,restaurant,restaurant,-11.0
11.10.2020,56,uk,restaurant,restaurant,-13.0
18.10.2020,54,uk,restaurant,restaurant,-17.0
25.10.2020,55,uk,restaurant,restaurant,-14.0
01.11.2020,39,uk,restaurant,restaurant,-29.0
03.11.2019,77,nl,restaurant,restaurant,1.0
10.11.2019,75,nl,restaurant,restaurant,2.0
17.11.2019,75,nl,restaurant,restaurant,6.0
24.11.2019,70,nl,restaurant,restaurant,1.0
01.12.2019,71,nl,restaurant,restaurant,2.0
08.12.2019,68,nl,restaurant,restaurant,1.0
15.12.2019,67,nl,restaurant,restaurant,-4.0
22.12.2019,81,nl,restaurant,restaurant,3.0
29.12.2019,77,nl,restaurant,restaurant,0.0
05.01.2020,68,nl,restaurant,restaurant,1.0
12.01.2020,75,nl,restaurant,restaurant,10.0
19.01.2020,73,nl,restaurant,restaurant,7.0
26.01.2020,70,nl,restaurant,restaurant,4.0
02.02.2020,71,nl,restaurant,restaurant,-1.0
09.02.2020,78,nl,restaurant,restaurant,3.0
16.02.2020,74,nl,restaurant,restaurant,1.0
23.02.2020,77,nl,restaurant,restaurant,8.0
01.03.2020,66,nl,restaurant,restaurant,-3.0
08.03.2020,52,nl,restaurant,restaurant,-13.0
15.03.2020,31,nl,restaurant,restaurant,-36.0
22.03.2020,25,nl,restaurant,restaurant,-43.0
29.03.2020,26,nl,restaurant,restaurant,-40.0
05.04.2020,26,nl,restaurant,restaurant,-45.0
12.04.2020,26,nl,restaurant,restaurant,-42.0
19.04.2020,26,nl,restaurant,restaurant,-44.0
26.04.2020,30,nl,restaurant,restaurant,-48.0
03.05.2020,33,nl,restaurant,restaurant,-35.0
10.05.2020,34,nl,restaurant,restaurant,-37.0
17.05.2020,37,nl,restaurant,restaurant,-30.0
24.05.2020,40,nl,restaurant,restaurant,-38.0
31.05.2020,59,nl,restaurant,restaurant,-9.0
07.06.2020,64,nl,restaurant,restaurant,-8.0
14.06.2020,68,nl,restaurant,restaurant,0.0
21.06.2020,76,nl,restaurant,restaurant,8.0
28.06.2020,77,nl,restaurant,restaurant,7.0
05.07.2020,85,nl,restaurant,restaurant,13.0
12.07.2020,90,nl,restaurant,restaurant,13.0
19.07.2020,100,nl,restaurant,restaurant,20.0
26.07.2020,100,nl,restaurant,restaurant,12.0
02.08.2020,99,nl,restaurant,restaurant,8.0
09.08.2020,92,nl,restaurant,restaurant,4.0
16.08.2020,96,nl,restaurant,restaurant,16.0
23.08.2020,88,nl,restaurant,restaurant,13.0
30.08.2020,87,nl,restaurant,restaurant,15.0
06.09.2020,90,nl,restaurant,restaurant,20.0
13.09.2020,85,nl,restaurant,restaurant,13.0
20.09.2020,79,nl,restaurant,restaurant,8.0
27.09.2020,73,nl,restaurant,restaurant,0.0
04.10.2020,64,nl,restaurant,restaurant,-11.0
11.10.2020,55,nl,restaurant,restaurant,-27.0
18.10.2020,37,nl,restaurant,restaurant,-48.0
25.10.2020,32,nl,restaurant,restaurant,-43.0
01.11.2020,27,nl,restaurant,restaurant,-50.0
03.11.2019,85,ger,restaurant,restaurant,11.0
10.11.2019,85,ger,restaurant,restaurant,8.0
17.11.2019,83,ger,restaurant,restaurant,9.0
24.11.2019,79,ger,restaurant,restaurant,5.0
01.12.2019,80,ger,restaurant,restaurant,3.0
08.12.2019,80,ger,restaurant,restaurant,3.0
15.12.2019,80,ger,restaurant,restaurant,6.0
22.12.2019,100,ger,restaurant,restaurant,7.0
29.12.2019,99,ger,restaurant,restaurant,15.0
05.01.2020,80,ger,restaurant,restaurant,10.0
12.01.2020,79,ger,restaurant,restaurant,9.0
19.01.2020,78,ger,restaurant,restaurant,11.0
26.01.2020,78,ger,restaurant,restaurant,9.0
02.02.2020,77,ger,restaurant,restaurant,2.0
09.02.2020,85,ger,restaurant,restaurant,3.0
16.02.2020,77,ger,restaurant,restaurant,5.0
23.02.2020,73,ger,restaurant,restaurant,-2.0
01.03.2020,74,ger,restaurant,restaurant,-7.0
08.03.2020,55,ger,restaurant,restaurant,-19.0
15.03.2020,40,ger,restaurant,restaurant,-37.0
22.03.2020,26,ger,restaurant,restaurant,-51.0
29.03.2020,27,ger,restaurant,restaurant,-45.0
05.04.2020,27,ger,restaurant,restaurant,-46.0
12.04.2020,26,ger,restaurant,restaurant,-57.0
19.04.2020,26,ger,restaurant,restaurant,-50.0
26.04.2020,30,ger,restaurant,restaurant,-45.0
03.05.2020,37,ger,restaurant,restaurant,-41.0
10.05.2020,49,ger,restaurant,restaurant,-25.0
17.05.2020,63,ger,restaurant,restaurant,-7.0
24.05.2020,60,ger,restaurant,restaurant,-17.0
31.05.2020,70,ger,restaurant,restaurant,-1.0
07.06.2020,74,ger,restaurant,restaurant,-3.0
14.06.2020,71,ger,restaurant,restaurant,-8.0
21.06.2020,73,ger,restaurant,restaurant,5.0
28.06.2020,81,ger,restaurant,restaurant,6.0
05.07.2020,87,ger,restaurant,restaurant,8.0
12.07.2020,92,ger,restaurant,restaurant,10.0
19.07.2020,99,ger,restaurant,restaurant,16.0
26.07.2020,99,ger,restaurant,restaurant,10.0
02.08.2020,97,ger,restaurant,restaurant,6.0
09.08.2020,96,ger,restaurant,restaurant,8.0
16.08.2020,98,ger,restaurant,restaurant,17.0
23.08.2020,98,ger,restaurant,restaurant,19.0
30.08.2020,93,ger,restaurant,restaurant,11.0
06.09.2020,96,ger,restaurant,restaurant,16.0
13.09.2020,93,ger,restaurant,restaurant,11.0
20.09.2020,92,ger,restaurant,restaurant,11.0
27.09.2020,88,ger,restaurant,restaurant,-5.0
04.10.2020,88,ger,restaurant,restaurant,2.0
11.10.2020,82,ger,restaurant,restaurant,-6.0
18.10.2020,72,ger,restaurant,restaurant,-14.0
25.10.2020,68,ger,restaurant,restaurant,-23.0
01.11.2020,35,ger,restaurant,restaurant,-50.0
03.11.2019,72,ger,rice,rei,7.0
10.11.2019,73,ger,rice,rei,5.0
17.11.2019,76,ger,rice,rei,11.0
24.11.2019,68,ger,rice,rei,6.0
01.12.2019,65,ger,rice,rei,8.0
08.12.2019,74,ger,rice,rei,13.0
15.12.2019,63,ger,rice,rei,6.0
22.12.2019,65,ger,rice,rei,9.0
29.12.2019,89,ger,rice,rei,7.0
05.01.2020,95,ger,rice,rei,8.0
12.01.2020,94,ger,rice,rei,11.0
19.01.2020,100,ger,rice,rei,17.0
26.01.2020,90,ger,rice,rei,11.0
02.02.2020,88,ger,rice,rei,9.0
09.02.2020,88,ger,rice,rei,9.0
16.02.2020,82,ger,rice,rei,8.0
23.02.2020,92,ger,rice,rei,21.0
01.03.2020,92,ger,rice,rei,13.0
08.03.2020,91,ger,rice,rei,12.0
15.03.2020,82,ger,rice,rei,5.0
22.03.2020,96,ger,rice,rei,24.0
29.03.2020,99,ger,rice,rei,31.0
05.04.2020,94,ger,rice,rei,25.0
12.04.2020,90,ger,rice,rei,22.0
19.04.2020,91,ger,rice,rei,33.0
26.04.2020,100,ger,rice,rei,29.0
03.05.2020,97,ger,rice,rei,25.0
10.05.2020,92,ger,rice,rei,26.0
17.05.2020,86,ger,rice,rei,14.0
24.05.2020,87,ger,rice,rei,23.0
31.05.2020,83,ger,rice,rei,17.0
07.06.2020,92,ger,rice,rei,32.0
14.06.2020,92,ger,rice,rei,28.0
21.06.2020,81,ger,rice,rei,24.0
28.06.2020,83,ger,rice,rei,21.0
05.07.2020,90,ger,rice,rei,26.0
12.07.2020,87,ger,rice,rei,22.0
19.07.2020,86,ger,rice,rei,21.0
26.07.2020,82,ger,rice,rei,11.0
02.08.2020,84,ger,rice,rei,10.0
09.08.2020,80,ger,rice,rei,8.0
16.08.2020,89,ger,rice,rei,22.0
23.08.2020,88,ger,rice,rei,22.0
30.08.2020,86,ger,rice,rei,17.0
06.09.2020,81,ger,rice,rei,12.0
13.09.2020,84,ger,rice,rei,15.0
20.09.2020,83,ger,rice,rei,17.0
27.09.2020,79,ger,rice,rei,10.0
04.10.2020,81,ger,rice,rei,10.0
11.10.2020,85,ger,rice,rei,10.0
18.10.2020,88,ger,rice,rei,14.0
25.10.2020,82,ger,rice,rei,9.0
01.11.2020,80,ger,rice,rei,8.0
03.11.2019,68,nl,rice,rijst,3.0
10.11.2019,58,nl,rice,rijst,-5.0
17.11.2019,64,nl,rice,rijst,2.0
24.11.2019,67,nl,rice,rijst,9.0
01.12.2019,63,nl,rice,rijst,0.0
08.12.2019,52,nl,rice,rijst,-8.0
15.12.2019,50,nl,rice,rijst,-9.0
22.12.2019,52,nl,rice,rijst,0.0
29.12.2019,66,nl,rice,rijst,1.0
05.01.2020,85,nl,rice,rijst,13.0
12.01.2020,81,nl,rice,rijst,0.0
19.01.2020,81,nl,rice,rijst,13.0
26.01.2020,76,nl,rice,rijst,2.0
02.02.2020,75,nl,rice,rijst,-2.0
09.02.2020,68,nl,rice,rijst,-5.0
16.02.2020,80,nl,rice,rijst,6.0
23.02.2020,80,nl,rice,rijst,16.0
01.03.2020,72,nl,rice,rijst,-1.0
08.03.2020,79,nl,rice,rijst,7.0
15.03.2020,80,nl,rice,rijst,15.0
22.03.2020,89,nl,rice,rijst,18.0
29.03.2020,90,nl,rice,rijst,27.0
05.04.2020,80,nl,rice,rijst,9.0
12.04.2020,86,nl,rice,rijst,33.0
19.04.2020,84,nl,rice,rijst,34.0
26.04.2020,100,nl,rice,rijst,34.0
03.05.2020,92,nl,rice,rijst,21.0
10.05.2020,87,nl,rice,rijst,14.0
17.05.2020,78,nl,rice,rijst,9.0
24.05.2020,81,nl,rice,rijst,23.0
31.05.2020,77,nl,rice,rijst,14.0
07.06.2020,84,nl,rice,rijst,23.0
14.06.2020,73,nl,rice,rijst,17.0
21.06.2020,69,nl,rice,rijst,19.0
28.06.2020,73,nl,rice,rijst,14.0
05.07.2020,78,nl,rice,rijst,15.0
12.07.2020,72,nl,rice,rijst,12.0
19.07.2020,76,nl,rice,rijst,25.0
26.07.2020,77,nl,rice,rijst,10.0
02.08.2020,72,nl,rice,rijst,-4.0
09.08.2020,61,nl,rice,rijst,-10.0
16.08.2020,71,nl,rice,rijst,2.0
23.08.2020,77,nl,rice,rijst,18.0
30.08.2020,80,nl,rice,rijst,10.0
06.09.2020,80,nl,rice,rijst,14.0
13.09.2020,74,nl,rice,rijst,7.0
20.09.2020,76,nl,rice,rijst,12.0
27.09.2020,84,nl,rice,rijst,19.0
04.10.2020,78,nl,rice,rijst,13.0
11.10.2020,83,nl,rice,rijst,17.0
18.10.2020,88,nl,rice,rijst,23.0
25.10.2020,87,nl,rice,rijst,22.0
01.11.2020,81,nl,rice,rijst,13.0
03.11.2019,57,uk,rice,rice,3.0
10.11.2019,59,uk,rice,rice,4.0
17.11.2019,55,uk,rice,rice,2.0
24.11.2019,51,uk,rice,rice,2.0
01.12.2019,50,uk,rice,rice,-4.0
08.12.2019,47,uk,rice,rice,3.0
15.12.2019,47,uk,rice,rice,2.0
22.12.2019,46,uk,rice,rice,0.0
29.12.2019,76,uk,rice,rice,13.0
05.01.2020,78,uk,rice,rice,1.0
12.01.2020,74,uk,rice,rice,-2.0
19.01.2020,75,uk,rice,rice,8.0
26.01.2020,72,uk,rice,rice,9.0
02.02.2020,69,uk,rice,rice,-3.0
09.02.2020,66,uk,rice,rice,0.0
16.02.2020,64,uk,rice,rice,2.0
23.02.2020,63,uk,rice,rice,3.0
01.03.2020,65,uk,rice,rice,3.0
08.03.2020,63,uk,rice,rice,2.0
15.03.2020,73,uk,rice,rice,3.0
22.03.2020,80,uk,rice,rice,18.0
29.03.2020,90,uk,rice,rice,30.0
05.04.2020,96,uk,rice,rice,31.0
12.04.2020,100,uk,rice,rice,41.0
19.04.2020,95,uk,rice,rice,40.0
26.04.2020,99,uk,rice,rice,38.0
03.05.2020,92,uk,rice,rice,32.0
10.05.2020,92,uk,rice,rice,24.0
17.05.2020,86,uk,rice,rice,27.0
24.05.2020,80,uk,rice,rice,24.0
31.05.2020,76,uk,rice,rice,19.0
07.06.2020,80,uk,rice,rice,19.0
14.06.2020,77,uk,rice,rice,20.0
21.06.2020,70,uk,rice,rice,17.0
28.06.2020,75,uk,rice,rice,23.0
05.07.2020,70,uk,rice,rice,16.0
12.07.2020,70,uk,rice,rice,18.0
19.07.2020,75,uk,rice,rice,24.0
26.07.2020,78,uk,rice,rice,23.0
02.08.2020,70,uk,rice,rice,12.0
09.08.2020,66,uk,rice,rice,13.0
16.08.2020,69,uk,rice,rice,12.0
23.08.2020,69,uk,rice,rice,13.0
30.08.2020,70,uk,rice,rice,1.0
06.09.2020,69,uk,rice,rice,1.0
13.09.2020,67,uk,rice,rice,-6.0
20.09.2020,72,uk,rice,rice,-1.0
27.09.2020,71,uk,rice,rice,0.0
04.10.2020,97,uk,rice,rice,25.0
11.10.2020,87,uk,rice,rice,28.0
18.10.2020,78,uk,rice,rice,18.0
25.10.2020,77,uk,rice,rice,18.0
01.11.2020,67,uk,rice,rice,10.0
03.11.2019,58,nl,spices,kruiden,12.0
10.11.2019,58,nl,spices,kruiden,2.0
17.11.2019,59,nl,spices,kruiden,14.0
24.11.2019,49,nl,spices,kruiden,-3.0
01.12.2019,50,nl,spices,kruiden,-4.0
08.12.2019,54,nl,spices,kruiden,0.0
15.12.2019,55,nl,spices,kruiden,-5.0
22.12.2019,69,nl,spices,kruiden,11.0
29.12.2019,59,nl,spices,kruiden,8.0
05.01.2020,65,nl,spices,kruiden,5.0
12.01.2020,60,nl,spices,kruiden,-1.0
19.01.2020,66,nl,spices,kruiden,14.0
26.01.2020,58,nl,spices,kruiden,1.0
02.02.2020,60,nl,spices,kruiden,3.0
09.02.2020,55,nl,spices,kruiden,-2.0
16.02.2020,53,nl,spices,kruiden,-2.0
23.02.2020,57,nl,spices,kruiden,4.0
01.03.2020,54,nl,spices,kruiden,6.0
08.03.2020,52,nl,spices,kruiden,3.0
15.03.2020,67,nl,spices,kruiden,17.0
22.03.2020,72,nl,spices,kruiden,21.0
29.03.2020,82,nl,spices,kruiden,26.0
05.04.2020,86,nl,spices,kruiden,37.0
12.04.2020,88,nl,spices,kruiden,32.0
19.04.2020,83,nl,spices,kruiden,34.0
26.04.2020,100,nl,spices,kruiden,39.0
03.05.2020,93,nl,spices,kruiden,39.0
10.05.2020,86,nl,spices,kruiden,33.0
17.05.2020,79,nl,spices,kruiden,24.0
24.05.2020,84,nl,spices,kruiden,26.0
31.05.2020,65,nl,spices,kruiden,14.0
07.06.2020,76,nl,spices,kruiden,25.0
14.06.2020,71,nl,spices,kruiden,19.0
21.06.2020,59,nl,spices,kruiden,10.0
28.06.2020,63,nl,spices,kruiden,11.0
05.07.2020,67,nl,spices,kruiden,15.0
12.07.2020,63,nl,spices,kruiden,7.0
19.07.2020,65,nl,spices,kruiden,5.0
26.07.2020,68,nl,spices,kruiden,11.0
02.08.2020,66,nl,spices,kruiden,11.0
09.08.2020,60,nl,spices,kruiden,3.0
16.08.2020,67,nl,spices,kruiden,6.0
23.08.2020,60,nl,spices,kruiden,11.0
30.08.2020,62,nl,spices,kruiden,12.0
06.09.2020,61,nl,spices,kruiden,1.0
13.09.2020,62,nl,spices,kruiden,-1.0
20.09.2020,65,nl,spices,kruiden,6.0
27.09.2020,64,nl,spices,kruiden,10.0
04.10.2020,70,nl,spices,kruiden,12.0
11.10.2020,71,nl,spices,kruiden,10.0
18.10.2020,75,nl,spices,kruiden,7.0
25.10.2020,75,nl,spices,kruiden,19.0
01.11.2020,71,nl,spices,kruiden,13.0
03.11.2019,61,uk,spices,spice,5.0
10.11.2019,58,uk,spices,spice,-5.0
17.11.2019,62,uk,spices,spice,4.0
24.11.2019,54,uk,spices,spice,-7.0
01.12.2019,59,uk,spices,spice,0.0
08.12.2019,62,uk,spices,spice,-6.0
15.12.2019,69,uk,spices,spice,9.0
22.12.2019,76,uk,spices,spice,-3.0
29.12.2019,62,uk,spices,spice,-7.0
05.01.2020,72,uk,spices,spice,3.0
12.01.2020,73,uk,spices,spice,13.0
19.01.2020,60,uk,spices,spice,-6.0
26.01.2020,69,uk,spices,spice,7.0
02.02.2020,71,uk,spices,spice,3.0
09.02.2020,66,uk,spices,spice,-3.0
16.02.2020,53,uk,spices,spice,-5.0
23.02.2020,58,uk,spices,spice,-1.0
01.03.2020,63,uk,spices,spice,6.0
08.03.2020,63,uk,spices,spice,5.0
15.03.2020,53,uk,spices,spice,-3.0
22.03.2020,79,uk,spices,spice,24.0
29.03.2020,92,uk,spices,spice,25.0
05.04.2020,98,uk,spices,spice,34.0
12.04.2020,100,uk,spices,spice,47.0
19.04.2020,92,uk,spices,spice,39.0
26.04.2020,98,uk,spices,spice,48.0
03.05.2020,93,uk,spices,spice,26.0
10.05.2020,81,uk,spices,spice,23.0
17.05.2020,79,uk,spices,spice,37.0
24.05.2020,83,uk,spices,spice,35.0
31.05.2020,75,uk,spices,spice,20.0
07.06.2020,70,uk,spices,spice,22.0
14.06.2020,73,uk,spices,spice,20.0
21.06.2020,67,uk,spices,spice,14.0
28.06.2020,68,uk,spices,spice,22.0
05.07.2020,73,uk,spices,spice,19.0
12.07.2020,69,uk,spices,spice,20.0
19.07.2020,63,uk,spices,spice,14.0
26.07.2020,61,uk,spices,spice,3.0
02.08.2020,64,uk,spices,spice,6.0
09.08.2020,60,uk,spices,spice,2.0
16.08.2020,76,uk,spices,spice,18.0
23.08.2020,65,uk,spices,spice,11.0
30.08.2020,68,uk,spices,spice,13.0
06.09.2020,72,uk,spices,spice,23.0
13.09.2020,63,uk,spices,spice,10.0
20.09.2020,72,uk,spices,spice,19.0
27.09.2020,74,uk,spices,spice,20.0
04.10.2020,83,uk,spices,spice,20.0
11.10.2020,79,uk,spices,spice,19.0
18.10.2020,77,uk,spices,spice,23.0
25.10.2020,79,uk,spices,spice,16.0
01.11.2020,77,uk,spices,spice,16.0
03.11.2019,74,ger,spices,gewuerze,-3.0
10.11.2019,70,ger,spices,gewuerze,-8.0
17.11.2019,74,ger,spices,gewuerze,5.0
24.11.2019,81,ger,spices,gewuerze,1.0
01.12.2019,87,ger,spices,gewuerze,5.0
08.12.2019,95,ger,spices,gewuerze,5.0
15.12.2019,100,ger,spices,gewuerze,17.0
22.12.2019,91,ger,spices,gewuerze,16.0
29.12.2019,76,ger,spices,gewuerze,8.0
05.01.2020,76,ger,spices,gewuerze,10.0
12.01.2020,64,ger,spices,gewuerze,-2.0
19.01.2020,68,ger,spices,gewuerze,8.0
26.01.2020,72,ger,spices,gewuerze,7.0
02.02.2020,62,ger,spices,gewuerze,-8.0
09.02.2020,59,ger,spices,gewuerze,-1.0
16.02.2020,67,ger,spices,gewuerze,6.0
23.02.2020,54,ger,spices,gewuerze,1.0
01.03.2020,63,ger,spices,gewuerze,6.0
08.03.2020,54,ger,spices,gewuerze,-5.0
15.03.2020,50,ger,spices,gewuerze,-11.0
22.03.2020,65,ger,spices,gewuerze,5.0
29.03.2020,81,ger,spices,gewuerze,25.0
05.04.2020,80,ger,spices,gewuerze,28.0
12.04.2020,76,ger,spices,gewuerze,19.0
19.04.2020,71,ger,spices,gewuerze,17.0
26.04.2020,78,ger,spices,gewuerze,22.0
03.05.2020,75,ger,spices,gewuerze,17.0
10.05.2020,66,ger,spices,gewuerze,16.0
17.05.2020,70,ger,spices,gewuerze,14.0
24.05.2020,69,ger,spices,gewuerze,15.0
31.05.2020,67,ger,spices,gewuerze,17.0
07.06.2020,64,ger,spices,gewuerze,11.0
14.06.2020,64,ger,spices,gewuerze,21.0
21.06.2020,58,ger,spices,gewuerze,15.0
28.06.2020,56,ger,spices,gewuerze,14.0
05.07.2020,71,ger,spices,gewuerze,24.0
12.07.2020,59,ger,spices,gewuerze,3.0
19.07.2020,73,ger,spices,gewuerze,20.0
26.07.2020,66,ger,spices,gewuerze,17.0
02.08.2020,74,ger,spices,gewuerze,17.0
09.08.2020,59,ger,spices,gewuerze,5.0
16.08.2020,66,ger,spices,gewuerze,10.0
23.08.2020,72,ger,spices,gewuerze,16.0
30.08.2020,73,ger,spices,gewuerze,20.0
06.09.2020,67,ger,spices,gewuerze,14.0
13.09.2020,63,ger,spices,gewuerze,5.0
20.09.2020,77,ger,spices,gewuerze,13.0
27.09.2020,88,ger,spices,gewuerze,21.0
04.10.2020,77,ger,spices,gewuerze,13.0
11.10.2020,90,ger,spices,gewuerze,20.0
18.10.2020,99,ger,spices,gewuerze,28.0
25.10.2020,88,ger,spices,gewuerze,19.0
01.11.2020,89,ger,spices,gewuerze,15.0
03.11.2019,20,nl,takeaway,takeaway,-2.0
10.11.2019,26,nl,takeaway,takeaway,1.0
17.11.2019,26,nl,takeaway,takeaway,9.0
24.11.2019,22,nl,takeaway,takeaway,-2.0
01.12.2019,23,nl,takeaway,takeaway,12.0
08.12.2019,27,nl,takeaway,takeaway,5.0
15.12.2019,20,nl,takeaway,takeaway,-1.0
22.12.2019,23,nl,takeaway,takeaway,-2.0
29.12.2019,18,nl,takeaway,takeaway,-5.0
05.01.2020,32,nl,takeaway,takeaway,4.0
12.01.2020,26,nl,takeaway,takeaway,4.0
19.01.2020,26,nl,takeaway,takeaway,-1.0
26.01.2020,29,nl,takeaway,takeaway,3.0
02.02.2020,25,nl,takeaway,takeaway,-2.0
09.02.2020,40,nl,takeaway,takeaway,22.0
16.02.2020,22,nl,takeaway,takeaway,-19.0
23.02.2020,38,nl,takeaway,takeaway,14.0
01.03.2020,27,nl,takeaway,takeaway,1.0
08.03.2020,26,nl,takeaway,takeaway,-6.0
15.03.2020,39,nl,takeaway,takeaway,19.0
22.03.2020,35,nl,takeaway,takeaway,15.0
29.03.2020,44,nl,takeaway,takeaway,26.0
05.04.2020,44,nl,takeaway,takeaway,13.0
12.04.2020,38,nl,takeaway,takeaway,16.0
19.04.2020,42,nl,takeaway,takeaway,15.0
26.04.2020,72,nl,takeaway,takeaway,45.0
03.05.2020,82,nl,takeaway,takeaway,63.0
10.05.2020,78,nl,takeaway,takeaway,57.0
17.05.2020,73,nl,takeaway,takeaway,52.0
24.05.2020,54,nl,takeaway,takeaway,28.0
31.05.2020,38,nl,takeaway,takeaway,17.0
07.06.2020,48,nl,takeaway,takeaway,25.0
14.06.2020,37,nl,takeaway,takeaway,12.0
21.06.2020,30,nl,takeaway,takeaway,4.0
28.06.2020,45,nl,takeaway,takeaway,19.0
05.07.2020,43,nl,takeaway,takeaway,23.0
12.07.2020,20,nl,takeaway,takeaway,-7.0
19.07.2020,33,nl,takeaway,takeaway,4.0
26.07.2020,27,nl,takeaway,takeaway,-12.0
02.08.2020,39,nl,takeaway,takeaway,14.0
09.08.2020,33,nl,takeaway,takeaway,3.0
16.08.2020,34,nl,takeaway,takeaway,10.0
23.08.2020,30,nl,takeaway,takeaway,0.0
30.08.2020,33,nl,takeaway,takeaway,9.0
06.09.2020,45,nl,takeaway,takeaway,21.0
13.09.2020,31,nl,takeaway,takeaway,13.0
20.09.2020,21,nl,takeaway,takeaway,-2.0
27.09.2020,32,nl,takeaway,takeaway,7.0
04.10.2020,38,nl,takeaway,takeaway,5.0
11.10.2020,78,nl,takeaway,takeaway,47.0
18.10.2020,100,nl,takeaway,takeaway,72.0
25.10.2020,99,nl,takeaway,takeaway,70.0
01.11.2020,91,nl,takeaway,takeaway,71.0
03.11.2019,54,uk,takeaway,takeaway,1.0
10.11.2019,50,uk,takeaway,takeaway,-7.0
17.11.2019,53,uk,takeaway,takeaway,-3.0
24.11.2019,52,uk,takeaway,takeaway,0.0
01.12.2019,51,uk,takeaway,takeaway,0.0
08.12.2019,46,uk,takeaway,takeaway,-7.0
15.12.2019,48,uk,takeaway,takeaway,-6.0
22.12.2019,56,uk,takeaway,takeaway,-2.0
29.12.2019,57,uk,takeaway,takeaway,-8.0
05.01.2020,47,uk,takeaway,takeaway,-5.0
12.01.2020,47,uk,takeaway,takeaway,-9.0
19.01.2020,50,uk,takeaway,takeaway,1.0
26.01.2020,54,uk,takeaway,takeaway,4.0
02.02.2020,52,uk,takeaway,takeaway,-9.0
09.02.2020,51,uk,takeaway,takeaway,-2.0
16.02.2020,55,uk,takeaway,takeaway,1.0
23.02.2020,55,uk,takeaway,takeaway,0.0
01.03.2020,55,uk,takeaway,takeaway,5.0
08.03.2020,48,uk,takeaway,takeaway,1.0
15.03.2020,71,uk,takeaway,takeaway,13.0
22.03.2020,100,uk,takeaway,takeaway,47.0
29.03.2020,81,uk,takeaway,takeaway,8.0
05.04.2020,73,uk,takeaway,takeaway,-6.0
12.04.2020,97,uk,takeaway,takeaway,18.0
19.04.2020,79,uk,takeaway,takeaway,8.0
26.04.2020,90,uk,takeaway,takeaway,37.0
03.05.2020,89,uk,takeaway,takeaway,40.0
10.05.2020,90,uk,takeaway,takeaway,38.0
17.05.2020,91,uk,takeaway,takeaway,40.0
24.05.2020,98,uk,takeaway,takeaway,42.0
31.05.2020,90,uk,takeaway,takeaway,37.0
07.06.2020,95,uk,takeaway,takeaway,48.0
14.06.2020,91,uk,takeaway,takeaway,43.0
21.06.2020,91,uk,takeaway,takeaway,37.0
28.06.2020,85,uk,takeaway,takeaway,37.0
05.07.2020,84,uk,takeaway,takeaway,33.0
12.07.2020,78,uk,takeaway,takeaway,25.0
19.07.2020,84,uk,takeaway,takeaway,27.0
26.07.2020,89,uk,takeaway,takeaway,35.0
02.08.2020,94,uk,takeaway,takeaway,43.0
09.08.2020,97,uk,takeaway,takeaway,38.0
16.08.2020,92,uk,takeaway,takeaway,35.0
23.08.2020,98,uk,takeaway,takeaway,27.0
30.08.2020,93,uk,takeaway,takeaway,36.0
06.09.2020,85,uk,takeaway,takeaway,32.0
13.09.2020,82,uk,takeaway,takeaway,30.0
20.09.2020,84,uk,takeaway,takeaway,31.0
27.09.2020,82,uk,takeaway,takeaway,25.0
04.10.2020,72,uk,takeaway,takeaway,13.0
11.10.2020,62,uk,takeaway,takeaway,10.0
18.10.2020,68,uk,takeaway,takeaway,14.0
25.10.2020,67,uk,takeaway,takeaway,19.0
01.11.2020,81,uk,takeaway,takeaway,27.0
03.11.2019,66,nl,to-go,to-go,2.0
10.11.2019,74,nl,to-go,to-go,-2.0
17.11.2019,80,nl,to-go,to-go,-3.0
24.11.2019,72,nl,to-go,to-go,-7.0
01.12.2019,71,nl,to-go,to-go,-5.0
08.12.2019,64,nl,to-go,to-go,-9.0
15.12.2019,69,nl,to-go,to-go,4.0
22.12.2019,75,nl,to-go,to-go,-3.0
29.12.2019,75,nl,to-go,to-go,3.0
05.01.2020,75,nl,to-go,to-go,0.0
12.01.2020,76,nl,to-go,to-go,5.0
19.01.2020,77,nl,to-go,to-go,14.0
26.01.2020,69,nl,to-go,to-go,8.0
02.02.2020,75,nl,to-go,to-go,-7.0
09.02.2020,81,nl,to-go,to-go,3.0
16.02.2020,76,nl,to-go,to-go,3.0
23.02.2020,81,nl,to-go,to-go,3.0
01.03.2020,75,nl,to-go,to-go,-1.0
08.03.2020,62,nl,to-go,to-go,-4.0
15.03.2020,75,nl,to-go,to-go,14.0
22.03.2020,81,nl,to-go,to-go,15.0
29.03.2020,83,nl,to-go,to-go,18.0
05.04.2020,74,nl,to-go,to-go,8.0
12.04.2020,84,nl,to-go,to-go,9.0
19.04.2020,83,nl,to-go,to-go,14.0
26.04.2020,89,nl,to-go,to-go,19.0
03.05.2020,97,nl,to-go,to-go,23.0
10.05.2020,84,nl,to-go,to-go,16.0
17.05.2020,97,nl,to-go,to-go,26.0
24.05.2020,90,nl,to-go,to-go,23.0
31.05.2020,83,nl,to-go,to-go,12.0
07.06.2020,76,nl,to-go,to-go,0.0
14.06.2020,79,nl,to-go,to-go,1.0
21.06.2020,76,nl,to-go,to-go,7.0
28.06.2020,69,nl,to-go,to-go,-8.0
05.07.2020,75,nl,to-go,to-go,7.0
12.07.2020,90,nl,to-go,to-go,11.0
19.07.2020,82,nl,to-go,to-go,5.0
26.07.2020,77,nl,to-go,to-go,-5.0
02.08.2020,78,nl,to-go,to-go,-7.0
09.08.2020,76,nl,to-go,to-go,-7.0
16.08.2020,81,nl,to-go,to-go,3.0
23.08.2020,86,nl,to-go,to-go,7.0
30.08.2020,80,nl,to-go,to-go,3.0
06.09.2020,82,nl,to-go,to-go,6.0
13.09.2020,72,nl,to-go,to-go,-7.0
20.09.2020,81,nl,to-go,to-go,-3.0
27.09.2020,71,nl,to-go,to-go,3.0
04.10.2020,72,nl,to-go,to-go,-2.0
11.10.2020,80,nl,to-go,to-go,6.0
18.10.2020,96,nl,to-go,to-go,22.0
25.10.2020,100,nl,to-go,to-go,20.0
01.11.2020,87,nl,to-go,to-go,21.0
03.11.2019,57,uk,to-go,to-go,2.0
10.11.2019,57,uk,to-go,to-go,1.0
17.11.2019,58,uk,to-go,to-go,2.0
24.11.2019,56,uk,to-go,to-go,1.0
01.12.2019,53,uk,to-go,to-go,0.0
08.12.2019,53,uk,to-go,to-go,1.0
15.12.2019,53,uk,to-go,to-go,4.0
22.12.2019,58,uk,to-go,to-go,-4.0
29.12.2019,67,uk,to-go,to-go,-3.0
05.01.2020,70,uk,to-go,to-go,4.0
12.01.2020,67,uk,to-go,to-go,4.0
19.01.2020,65,uk,to-go,to-go,2.0
26.01.2020,64,uk,to-go,to-go,5.0
02.02.2020,63,uk,to-go,to-go,3.0
09.02.2020,62,uk,to-go,to-go,2.0
16.02.2020,66,uk,to-go,to-go,3.0
23.02.2020,63,uk,to-go,to-go,2.0
01.03.2020,63,uk,to-go,to-go,3.0
08.03.2020,70,uk,to-go,to-go,13.0
15.03.2020,87,uk,to-go,to-go,26.0
22.03.2020,100,uk,to-go,to-go,40.0
29.03.2020,72,uk,to-go,to-go,12.0
05.04.2020,65,uk,to-go,to-go,2.0
12.04.2020,67,uk,to-go,to-go,4.0
19.04.2020,69,uk,to-go,to-go,8.0
26.04.2020,66,uk,to-go,to-go,8.0
03.05.2020,68,uk,to-go,to-go,8.0
10.05.2020,80,uk,to-go,to-go,21.0
17.05.2020,73,uk,to-go,to-go,11.0
24.05.2020,76,uk,to-go,to-go,12.0
31.05.2020,70,uk,to-go,to-go,11.0
07.06.2020,67,uk,to-go,to-go,8.0
14.06.2020,69,uk,to-go,to-go,7.0
21.06.2020,72,uk,to-go,to-go,8.0
28.06.2020,74,uk,to-go,to-go,11.0
05.07.2020,70,uk,to-go,to-go,7.0
12.07.2020,69,uk,to-go,to-go,2.0
19.07.2020,74,uk,to-go,to-go,8.0
26.07.2020,79,uk,to-go,to-go,12.0
02.08.2020,72,uk,to-go,to-go,4.0
09.08.2020,72,uk,to-go,to-go,5.0
16.08.2020,74,uk,to-go,to-go,4.0
23.08.2020,72,uk,to-go,to-go,4.0
30.08.2020,73,uk,to-go,to-go,10.0
06.09.2020,67,uk,to-go,to-go,7.0
13.09.2020,69,uk,to-go,to-go,7.0
20.09.2020,68,uk,to-go,to-go,6.0
27.09.2020,65,uk,to-go,to-go,4.0
04.10.2020,63,uk,to-go,to-go,3.0
11.10.2020,69,uk,to-go,to-go,9.0
18.10.2020,71,uk,to-go,to-go,10.0
25.10.2020,71,uk,to-go,to-go,14.0
01.11.2020,63,uk,to-go,to-go,6.0
03.11.2019,37,ger,to-go,zummitnehmen,2.0
10.11.2019,57,ger,to-go,zummitnehmen,21.0
17.11.2019,45,ger,to-go,zummitnehmen,-4.0
24.11.2019,51,ger,to-go,zummitnehmen,8.0
01.12.2019,56,ger,to-go,zummitnehmen,7.0
08.12.2019,46,ger,to-go,zummitnehmen,3.0
15.12.2019,36,ger,to-go,zummitnehmen,-7.0
22.12.2019,52,ger,to-go,zummitnehmen,10.0
29.12.2019,58,ger,to-go,zummitnehmen,16.0
05.01.2020,39,ger,to-go,zummitnehmen,0.0
12.01.2020,40,ger,to-go,zummitnehmen,-11.0
19.01.2020,45,ger,to-go,zummitnehmen,4.0
26.01.2020,42,ger,to-go,zummitnehmen,-1.0
02.02.2020,39,ger,to-go,zummitnehmen,1.0
09.02.2020,46,ger,to-go,zummitnehmen,9.0
16.02.2020,51,ger,to-go,zummitnehmen,7.0
23.02.2020,44,ger,to-go,zummitnehmen,-2.0
01.03.2020,41,ger,to-go,zummitnehmen,-5.0
08.03.2020,28,ger,to-go,zummitnehmen,-13.0
15.03.2020,42,ger,to-go,zummitnehmen,0.0
22.03.2020,62,ger,to-go,zummitnehmen,19.0
29.03.2020,65,ger,to-go,zummitnehmen,-1.0
05.04.2020,62,ger,to-go,zummitnehmen,10.0
12.04.2020,57,ger,to-go,zummitnehmen,9.0
19.04.2020,73,ger,to-go,zummitnehmen,29.0
26.04.2020,74,ger,to-go,zummitnehmen,26.0
03.05.2020,73,ger,to-go,zummitnehmen,32.0
10.05.2020,59,ger,to-go,zummitnehmen,23.0
17.05.2020,62,ger,to-go,zummitnehmen,19.0
24.05.2020,55,ger,to-go,zummitnehmen,11.0
31.05.2020,51,ger,to-go,zummitnehmen,-4.0
07.06.2020,56,ger,to-go,zummitnehmen,14.0
14.06.2020,48,ger,to-go,zummitnehmen,-10.0
21.06.2020,58,ger,to-go,zummitnehmen,-4.0
28.06.2020,49,ger,to-go,zummitnehmen,7.0
05.07.2020,54,ger,to-go,zummitnehmen,9.0
12.07.2020,58,ger,to-go,zummitnehmen,11.0
19.07.2020,54,ger,to-go,zummitnehmen,2.0
26.07.2020,59,ger,to-go,zummitnehmen,16.0
02.08.2020,74,ger,to-go,zummitnehmen,21.0
09.08.2020,70,ger,to-go,zummitnehmen,27.0
16.08.2020,71,ger,to-go,zummitnehmen,13.0
23.08.2020,68,ger,to-go,zummitnehmen,14.0
30.08.2020,47,ger,to-go,zummitnehmen,4.0
06.09.2020,58,ger,to-go,zummitnehmen,9.0
13.09.2020,51,ger,to-go,zummitnehmen,7.0
20.09.2020,59,ger,to-go,zummitnehmen,10.0
27.09.2020,63,ger,to-go,zummitnehmen,22.0
04.10.2020,56,ger,to-go,zummitnehmen,10.0
11.10.2020,69,ger,to-go,zummitnehmen,14.0
18.10.2020,64,ger,to-go,zummitnehmen,9.0
25.10.2020,67,ger,to-go,zummitnehmen,24.0
01.11.2020,100,ger,to-go,zummitnehmen,63.0
03.11.2019,2,ger,toiletpaper,toilettenpapier,0.0
10.11.2019,2,ger,toiletpaper,toilettenpapier,0.0
17.11.2019,2,ger,toiletpaper,toilettenpapier,0.0
24.11.2019,1,ger,toiletpaper,toilettenpapier,-1.0
01.12.2019,2,ger,toiletpaper,toilettenpapier,0.0
08.12.2019,2,ger,toiletpaper,toilettenpapier,1.0
15.12.2019,2,ger,toiletpaper,toilettenpapier,0.0
22.12.2019,1,ger,toiletpaper,toilettenpapier,-1.0
29.12.2019,2,ger,toiletpaper,toilettenpapier,0.0
05.01.2020,2,ger,toiletpaper,toilettenpapier,-3.0
12.01.2020,1,ger,toiletpaper,toilettenpapier,-2.0
19.01.2020,2,ger,toiletpaper,toilettenpapier,0.0
26.01.2020,2,ger,toiletpaper,toilettenpapier,-1.0
02.02.2020,1,ger,toiletpaper,toilettenpapier,-1.0
09.02.2020,2,ger,toiletpaper,toilettenpapier,0.0
16.02.2020,2,ger,toiletpaper,toilettenpapier,0.0
23.02.2020,2,ger,toiletpaper,toilettenpapier,0.0
01.03.2020,8,ger,toiletpaper,toilettenpapier,6.0
08.03.2020,20,ger,toiletpaper,toilettenpapier,18.0
15.03.2020,100,ger,toiletpaper,toilettenpapier,98.0
22.03.2020,73,ger,toiletpaper,toilettenpapier,71.0
29.03.2020,42,ger,toiletpaper,toilettenpapier,40.0
05.04.2020,20,ger,toiletpaper,toilettenpapier,18.0
12.04.2020,10,ger,toiletpaper,toilettenpapier,8.0
19.04.2020,7,ger,toiletpaper,toilettenpapier,5.0
26.04.2020,3,ger,toiletpaper,toilettenpapier,1.0
03.05.2020,3,ger,toiletpaper,toilettenpapier,1.0
10.05.2020,3,ger,toiletpaper,toilettenpapier,2.0
17.05.2020,3,ger,toiletpaper,toilettenpapier,1.0
24.05.2020,3,ger,toiletpaper,toilettenpapier,1.0
31.05.2020,2,ger,toiletpaper,toilettenpapier,0.0
07.06.2020,2,ger,toiletpaper,toilettenpapier,1.0
14.06.2020,2,ger,toiletpaper,toilettenpapier,1.0
21.06.2020,2,ger,toiletpaper,toilettenpapier,0.0
28.06.2020,2,ger,toiletpaper,toilettenpapier,0.0
05.07.2020,3,ger,toiletpaper,toilettenpapier,1.0
12.07.2020,2,ger,toiletpaper,toilettenpapier,0.0
19.07.2020,2,ger,toiletpaper,toilettenpapier,0.0
26.07.2020,2,ger,toiletpaper,toilettenpapier,0.0
02.08.2020,2,ger,toiletpaper,toilettenpapier,0.0
09.08.2020,2,ger,toiletpaper,toilettenpapier,0.0
16.08.2020,1,ger,toiletpaper,toilettenpapier,-1.0
23.08.2020,2,ger,toiletpaper,toilettenpapier,0.0
30.08.2020,2,ger,toiletpaper,toilettenpapier,0.0
06.09.2020,2,ger,toiletpaper,toilettenpapier,0.0
13.09.2020,2,ger,toiletpaper,toilettenpapier,0.0
20.09.2020,2,ger,toiletpaper,toilettenpapier,0.0
27.09.2020,2,ger,toiletpaper,toilettenpapier,0.0
04.10.2020,2,ger,toiletpaper,toilettenpapier,0.0
11.10.2020,6,ger,toiletpaper,toilettenpapier,4.0
18.10.2020,13,ger,toiletpaper,toilettenpapier,12.0
25.10.2020,6,ger,toiletpaper,toilettenpapier,4.0
01.11.2020,3,ger,toiletpaper,toilettenpapier,1.0
03.11.2019,5,nl,toiletpaper,toiletpapier,-1.0
10.11.2019,7,nl,toiletpaper,toiletpapier,0.0
17.11.2019,5,nl,toiletpaper,toiletpapier,-1.0
24.11.2019,10,nl,toiletpaper,toiletpapier,2.0
01.12.2019,3,nl,toiletpaper,toiletpapier,-1.0
08.12.2019,7,nl,toiletpaper,toiletpapier,0.0
15.12.2019,3,nl,toiletpaper,toiletpapier,-3.0
22.12.2019,5,nl,toiletpaper,toiletpapier,1.0
29.12.2019,6,nl,toiletpaper,toiletpapier,-2.0
05.01.2020,13,nl,toiletpaper,toiletpapier,5.0
12.01.2020,11,nl,toiletpaper,toiletpapier,5.0
19.01.2020,7,nl,toiletpaper,toiletpapier,-1.0
26.01.2020,8,nl,toiletpaper,toiletpapier,4.0
02.02.2020,9,nl,toiletpaper,toiletpapier,5.0
09.02.2020,8,nl,toiletpaper,toiletpapier,1.0
16.02.2020,7,nl,toiletpaper,toiletpapier,-2.0
23.02.2020,12,nl,toiletpaper,toiletpapier,5.0
01.03.2020,14,nl,toiletpaper,toiletpapier,5.0
08.03.2020,87,nl,toiletpaper,toiletpapier,81.0
15.03.2020,100,nl,toiletpaper,toiletpapier,93.0
22.03.2020,34,nl,toiletpaper,toiletpapier,27.0
29.03.2020,15,nl,toiletpaper,toiletpapier,10.0
05.04.2020,8,nl,toiletpaper,toiletpapier,1.0
12.04.2020,11,nl,toiletpaper,toiletpapier,6.0
19.04.2020,9,nl,toiletpaper,toiletpapier,3.0
26.04.2020,11,nl,toiletpaper,toiletpapier,3.0
03.05.2020,8,nl,toiletpaper,toiletpapier,2.0
10.05.2020,11,nl,toiletpaper,toiletpapier,4.0
17.05.2020,6,nl,toiletpaper,toiletpapier,2.0
24.05.2020,12,nl,toiletpaper,toiletpapier,7.0
31.05.2020,8,nl,toiletpaper,toiletpapier,2.0
07.06.2020,10,nl,toiletpaper,toiletpapier,6.0
14.06.2020,8,nl,toiletpaper,toiletpapier,0.0
21.06.2020,7,nl,toiletpaper,toiletpapier,0.0
28.06.2020,6,nl,toiletpaper,toiletpapier,1.0
05.07.2020,6,nl,toiletpaper,toiletpapier,-3.0
12.07.2020,8,nl,toiletpaper,toiletpapier,4.0
19.07.2020,7,nl,toiletpaper,toiletpapier,2.0
26.07.2020,5,nl,toiletpaper,toiletpapier,-2.0
02.08.2020,12,nl,toiletpaper,toiletpapier,1.0
09.08.2020,8,nl,toiletpaper,toiletpapier,-1.0
16.08.2020,10,nl,toiletpaper,toiletpapier,7.0
23.08.2020,8,nl,toiletpaper,toiletpapier,2.0
30.08.2020,8,nl,toiletpaper,toiletpapier,0.0
06.09.2020,8,nl,toiletpaper,toiletpapier,2.0
13.09.2020,8,nl,toiletpaper,toiletpapier,2.0
20.09.2020,8,nl,toiletpaper,toiletpapier,3.0
27.09.2020,7,nl,toiletpaper,toiletpapier,0.0
04.10.2020,11,nl,toiletpaper,toiletpapier,3.0
11.10.2020,12,nl,toiletpaper,toiletpapier,3.0
18.10.2020,12,nl,toiletpaper,toiletpapier,4.0
25.10.2020,5,nl,toiletpaper,toiletpapier,-3.0
01.11.2020,9,nl,toiletpaper,toiletpapier,4.0
03.11.2019,5,uk,toiletpaper,toiletpaper,0.0
10.11.2019,4,uk,toiletpaper,toiletpaper,-1.0
17.11.2019,5,uk,toiletpaper,toiletpaper,-1.0
24.11.2019,6,uk,toiletpaper,toiletpaper,0.0
01.12.2019,6,uk,toiletpaper,toiletpaper,0.0
08.12.2019,5,uk,toiletpaper,toiletpaper,0.0
15.12.2019,6,uk,toiletpaper,toiletpaper,1.0
22.12.2019,5,uk,toiletpaper,toiletpaper,1.0
29.12.2019,5,uk,toiletpaper,toiletpaper,0.0
05.01.2020,6,uk,toiletpaper,toiletpaper,2.0
12.01.2020,6,uk,toiletpaper,toiletpaper,1.0
19.01.2020,6,uk,toiletpaper,toiletpaper,0.0
26.01.2020,6,uk,toiletpaper,toiletpaper,1.0
02.02.2020,5,uk,toiletpaper,toiletpaper,1.0
09.02.2020,5,uk,toiletpaper,toiletpaper,-2.0
16.02.2020,5,uk,toiletpaper,toiletpaper,-18.0
23.02.2020,5,uk,toiletpaper,toiletpaper,0.0
01.03.2020,31,uk,toiletpaper,toiletpaper,26.0
08.03.2020,90,uk,toiletpaper,toiletpaper,86.0
15.03.2020,100,uk,toiletpaper,toiletpaper,95.0
22.03.2020,40,uk,toiletpaper,toiletpaper,36.0
29.03.2020,17,uk,toiletpaper,toiletpaper,12.0
05.04.2020,10,uk,toiletpaper,toiletpaper,6.0
12.04.2020,10,uk,toiletpaper,toiletpaper,5.0
19.04.2020,9,uk,toiletpaper,toiletpaper,5.0
26.04.2020,8,uk,toiletpaper,toiletpaper,4.0
03.05.2020,9,uk,toiletpaper,toiletpaper,4.0
10.05.2020,9,uk,toiletpaper,toiletpaper,5.0
17.05.2020,8,uk,toiletpaper,toiletpaper,3.0
24.05.2020,7,uk,toiletpaper,toiletpaper,3.0
31.05.2020,7,uk,toiletpaper,toiletpaper,3.0
07.06.2020,6,uk,toiletpaper,toiletpaper,0.0
14.06.2020,6,uk,toiletpaper,toiletpaper,1.0
21.06.2020,6,uk,toiletpaper,toiletpaper,1.0
28.06.2020,6,uk,toiletpaper,toiletpaper,1.0
05.07.2020,5,uk,toiletpaper,toiletpaper,0.0
12.07.2020,5,uk,toiletpaper,toiletpaper,0.0
19.07.2020,5,uk,toiletpaper,toiletpaper,1.0
26.07.2020,6,uk,toiletpaper,toiletpaper,2.0
02.08.2020,4,uk,toiletpaper,toiletpaper,-1.0
09.08.2020,4,uk,toiletpaper,toiletpaper,-1.0
16.08.2020,6,uk,toiletpaper,toiletpaper,1.0
23.08.2020,6,uk,toiletpaper,toiletpaper,1.0
30.08.2020,6,uk,toiletpaper,toiletpaper,1.0
06.09.2020,5,uk,toiletpaper,toiletpaper,1.0
13.09.2020,6,uk,toiletpaper,toiletpaper,1.0
20.09.2020,9,uk,toiletpaper,toiletpaper,5.0
27.09.2020,9,uk,toiletpaper,toiletpaper,4.0
04.10.2020,7,uk,toiletpaper,toiletpaper,1.0
11.10.2020,6,uk,toiletpaper,toiletpaper,-1.0
18.10.2020,7,uk,toiletpaper,toiletpaper,2.0
25.10.2020,9,uk,toiletpaper,toiletpaper,3.0
01.11.2020,7,uk,toiletpaper,toiletpaper,2.0
