Date_reported; Country_code; Country; WHO_region; New_cases; Cumulative_cases; New_deaths; Cumulative_deaths
03/01/2020;DE;Germany;EURO;0;0;0;0
04/01/2020;DE;Germany;EURO;0;0;0;0
05/01/2020;DE;Germany;EURO;0;0;0;0
06/01/2020;DE;Germany;EURO;0;0;0;0
07/01/2020;DE;Germany;EURO;0;0;0;0
08/01/2020;DE;Germany;EURO;0;0;0;0
09/01/2020;DE;Germany;EURO;0;0;0;0
10/01/2020;DE;Germany;EURO;0;0;0;0
11/01/2020;DE;Germany;EURO;0;0;0;0
12/01/2020;DE;Germany;EURO;0;0;0;0
13/01/2020;DE;Germany;EURO;0;0;0;0
14/01/2020;DE;Germany;EURO;0;0;0;0
15/01/2020;DE;Germany;EURO;0;0;0;0
16/01/2020;DE;Germany;EURO;0;0;0;0
17/01/2020;DE;Germany;EURO;0;0;0;0
18/01/2020;DE;Germany;EURO;0;0;0;0
19/01/2020;DE;Germany;EURO;0;0;0;0
20/01/2020;DE;Germany;EURO;0;0;0;0
21/01/2020;DE;Germany;EURO;0;0;0;0
22/01/2020;DE;Germany;EURO;0;0;0;0
23/01/2020;DE;Germany;EURO;0;0;0;0
24/01/2020;DE;Germany;EURO;0;0;0;0
25/01/2020;DE;Germany;EURO;0;0;0;0
26/01/2020;DE;Germany;EURO;0;0;0;0
27/01/2020;DE;Germany;EURO;0;0;0;0
28/01/2020;DE;Germany;EURO;1;1;0;0
29/01/2020;DE;Germany;EURO;3;4;0;0
30/01/2020;DE;Germany;EURO;0;4;0;0
31/01/2020;DE;Germany;EURO;1;5;0;0
01/02/2020;DE;Germany;EURO;2;7;0;0
02/02/2020;DE;Germany;EURO;1;8;0;0
03/02/2020;DE;Germany;EURO;1;9;0;0
04/02/2020;DE;Germany;EURO;2;11;0;0
05/02/2020;DE;Germany;EURO;0;11;0;0
06/02/2020;DE;Germany;EURO;0;11;0;0
07/02/2020;DE;Germany;EURO;1;12;0;0
08/02/2020;DE;Germany;EURO;1;13;0;0
09/02/2020;DE;Germany;EURO;0;13;0;0
10/02/2020;DE;Germany;EURO;0;13;0;0
11/02/2020;DE;Germany;EURO;0;13;0;0
12/02/2020;DE;Germany;EURO;2;15;0;0
13/02/2020;DE;Germany;EURO;0;15;0;0
14/02/2020;DE;Germany;EURO;0;15;0;0
15/02/2020;DE;Germany;EURO;0;15;0;0
16/02/2020;DE;Germany;EURO;0;15;0;0
17/02/2020;DE;Germany;EURO;0;15;0;0
18/02/2020;DE;Germany;EURO;0;15;0;0
19/02/2020;DE;Germany;EURO;0;15;0;0
20/02/2020;DE;Germany;EURO;0;15;0;0
21/02/2020;DE;Germany;EURO;0;15;0;0
22/02/2020;DE;Germany;EURO;0;15;0;0
23/02/2020;DE;Germany;EURO;0;15;0;0
24/02/2020;DE;Germany;EURO;0;15;0;0
25/02/2020;DE;Germany;EURO;0;15;0;0
26/02/2020;DE;Germany;EURO;2;17;0;0
27/02/2020;DE;Germany;EURO;4;21;0;0
28/02/2020;DE;Germany;EURO;26;47;0;0
29/02/2020;DE;Germany;EURO;10;57;0;0
01/03/2020;DE;Germany;EURO;54;111;0;0
02/03/2020;DE;Germany;EURO;18;129;0;0
03/03/2020;DE;Germany;EURO;28;157;0;0
04/03/2020;DE;Germany;EURO;39;196;0;0
05/03/2020;DE;Germany;EURO;66;262;0;0
06/03/2020;DE;Germany;EURO;138;400;0;0
07/03/2020;DE;Germany;EURO;284;684;0;0
08/03/2020;DE;Germany;EURO;163;847;0;0
09/03/2020;DE;Germany;EURO;55;902;0;0
10/03/2020;DE;Germany;EURO;237;1139;2;2
11/03/2020;DE;Germany;EURO;157;1296;0;2
12/03/2020;DE;Germany;EURO;271;1567;1;3
13/03/2020;DE;Germany;EURO;802;2369;2;5
14/03/2020;DE;Germany;EURO;693;3062;0;5
15/03/2020;DE;Germany;EURO;733;3795;3;8
16/03/2020;DE;Germany;EURO;1043;4838;4;12
17/03/2020;DE;Germany;EURO;1174;6012;1;13
18/03/2020;DE;Germany;EURO;1144;7156;0;13
19/03/2020;DE;Germany;EURO;1042;8198;0;13
20/03/2020;DE;Germany;EURO;5940;14138;30;43
21/03/2020;DE;Germany;EURO;4049;18187;2;45
22/03/2020;DE;Germany;EURO;3276;21463;22;67
23/03/2020;DE;Germany;EURO;3311;24774;27;94
24/03/2020;DE;Germany;EURO;4438;29212;32;126
25/03/2020;DE;Germany;EURO;2342;31554;23;149
26/03/2020;DE;Germany;EURO;4954;36508;49;198
27/03/2020;DE;Germany;EURO;5780;42288;55;253
28/03/2020;DE;Germany;EURO;6294;48582;72;325
29/03/2020;DE;Germany;EURO;3965;52547;64;389
30/03/2020;DE;Germany;EURO;4751;57298;66;455
31/03/2020;DE;Germany;EURO;4615;61913;128;583
01/04/2020;DE;Germany;EURO;5453;67366;149;732
02/04/2020;DE;Germany;EURO;6156;73522;140;872
03/04/2020;DE;Germany;EURO;6174;79696;145;1017
04/04/2020;DE;Germany;EURO;6082;85778;141;1158
05/04/2020;DE;Germany;EURO;5936;91714;184;1342
06/04/2020;DE;Germany;EURO;3677;95391;92;1434
07/04/2020;DE;Germany;EURO;3834;99225;173;1607
08/04/2020;DE;Germany;EURO;4003;103228;254;1861
09/04/2020;DE;Germany;EURO;4974;108202;246;2107
10/04/2020;DE;Germany;EURO;5323;113525;266;2373
11/04/2020;DE;Germany;EURO;4133;117658;171;2544
12/04/2020;DE;Germany;EURO;2821;120479;129;2673
13/04/2020;DE;Germany;EURO;2537;123016;126;2799
14/04/2020;DE;Germany;EURO;2082;125098;170;2969
15/04/2020;DE;Germany;EURO;2486;127584;285;3254
16/04/2020;DE;Germany;EURO;2866;130450;315;3569
17/04/2020;DE;Germany;EURO;3380;133830;299;3868
18/04/2020;DE;Germany;EURO;3609;137439;242;4110
19/04/2020;DE;Germany;EURO;2458;139897;184;4294
20/04/2020;DE;Germany;EURO;1775;141672;110;4404
21/04/2020;DE;Germany;EURO;1785;143457;194;4598
22/04/2020;DE;Germany;EURO;2237;145694;281;4879
23/04/2020;DE;Germany;EURO;2352;148046;215;5094
24/04/2020;DE;Germany;EURO;2337;150383;227;5321
25/04/2020;DE;Germany;EURO;2055;152438;179;5500
26/04/2020;DE;Germany;EURO;1737;154175;140;5640
27/04/2020;DE;Germany;EURO;1018;155193;110;5750
28/04/2020;DE;Germany;EURO;1144;156337;163;5913
29/04/2020;DE;Germany;EURO;1304;157641;202;6115
30/04/2020;DE;Germany;EURO;1478;159119;173;6288
01/05/2020;DE;Germany;EURO;1639;160758;193;6481
02/05/2020;DE;Germany;EURO;945;161703;94;6575
03/05/2020;DE;Germany;EURO;793;162496;74;6649
04/05/2020;DE;Germany;EURO;679;163175;43;6692
05/05/2020;DE;Germany;EURO;685;163860;139;6831
06/05/2020;DE;Germany;EURO;947;164807;165;6996
07/05/2020;DE;Germany;EURO;1284;166091;123;7119
08/05/2020;DE;Germany;EURO;1209;167300;147;7266
09/05/2020;DE;Germany;EURO;1251;168551;103;7369
10/05/2020;DE;Germany;EURO;667;169218;26;7395
11/05/2020;DE;Germany;EURO;357;169575;22;7417
12/05/2020;DE;Germany;EURO;933;170508;116;7533
13/05/2020;DE;Germany;EURO;798;171306;101;7634
14/05/2020;DE;Germany;EURO;933;172239;89;7723
15/05/2020;DE;Germany;EURO;913;173152;101;7824
16/05/2020;DE;Germany;EURO;620;173772;57;7881
17/05/2020;DE;Germany;EURO;583;174355;33;7914
18/05/2020;DE;Germany;EURO;342;174697;21;7935
19/05/2020;DE;Germany;EURO;513;175210;72;8007
20/05/2020;DE;Germany;EURO;797;176007;83;8090
21/05/2020;DE;Germany;EURO;745;176752;57;8147
22/05/2020;DE;Germany;EURO;460;177212;27;8174
23/05/2020;DE;Germany;EURO;638;177850;42;8216
24/05/2020;DE;Germany;EURO;431;178281;31;8247
25/05/2020;DE;Germany;EURO;289;178570;10;8257
26/05/2020;DE;Germany;EURO;432;179002;45;8302
27/05/2020;DE;Germany;EURO;362;179364;47;8349
28/05/2020;DE;Germany;EURO;353;179717;62;8411
29/05/2020;DE;Germany;EURO;741;180458;39;8450
30/05/2020;DE;Germany;EURO;738;181196;39;8489
31/05/2020;DE;Germany;EURO;286;181482;11;8500
01/06/2020;DE;Germany;EURO;333;181815;11;8511
02/06/2020;DE;Germany;EURO;213;182028;11;8522
03/06/2020;DE;Germany;EURO;342;182370;29;8551
04/06/2020;DE;Germany;EURO;394;182764;30;8581
05/06/2020;DE;Germany;EURO;507;183271;32;8613
06/06/2020;DE;Germany;EURO;407;183678;33;8646
07/06/2020;DE;Germany;EURO;301;183979;22;8668
08/06/2020;DE;Germany;EURO;214;184193;6;8674
09/06/2020;DE;Germany;EURO;350;184543;37;8711
10/06/2020;DE;Germany;EURO;318;184861;18;8729
11/06/2020;DE;Germany;EURO;555;185416;26;8755
12/06/2020;DE;Germany;EURO;258;185674;8;8763
13/06/2020;DE;Germany;EURO;348;186022;18;8781
14/06/2020;DE;Germany;EURO;247;186269;6;8787
15/06/2020;DE;Germany;EURO;192;186461;4;8791
16/06/2020;DE;Germany;EURO;378;186839;9;8800
17/06/2020;DE;Germany;EURO;345;187184;30;8830
18/06/2020;DE;Germany;EURO;580;187764;26;8856
19/06/2020;DE;Germany;EURO;770;188534;16;8872
20/06/2020;DE;Germany;EURO;601;189135;10;8882
21/06/2020;DE;Germany;EURO;687;189822;0;8882
22/06/2020;DE;Germany;EURO;537;190359;3;8885
23/06/2020;DE;Germany;EURO;503;190862;10;8895
24/06/2020;DE;Germany;EURO;587;191449;19;8914
25/06/2020;DE;Germany;EURO;630;192079;13;8927
26/06/2020;DE;Germany;EURO;477;192556;21;8948
27/06/2020;DE;Germany;EURO;687;193243;6;8954
28/06/2020;DE;Germany;EURO;256;193499;3;8957
29/06/2020;DE;Germany;EURO;262;193761;4;8961
30/06/2020;DE;Germany;EURO;498;194259;12;8973
01/07/2020;DE;Germany;EURO;466;194725;12;8985
02/07/2020;DE;Germany;EURO;503;195228;9;8994
03/07/2020;DE;Germany;EURO;446;195674;9;9003
04/07/2020;DE;Germany;EURO;422;196096;7;9010
05/07/2020;DE;Germany;EURO;239;196335;2;9012
06/07/2020;DE;Germany;EURO;219;196554;4;9016
07/07/2020;DE;Germany;EURO;390;196944;8;9024
08/07/2020;DE;Germany;EURO;397;197341;12;9036
09/07/2020;DE;Germany;EURO;442;197783;12;9048
10/07/2020;DE;Germany;EURO;395;198178;6;9054
11/07/2020;DE;Germany;EURO;378;198556;6;9060
12/07/2020;DE;Germany;EURO;248;198804;3;9063
13/07/2020;DE;Germany;EURO;159;198963;1;9064
14/07/2020;DE;Germany;EURO;412;199375;4;9068
15/07/2020;DE;Germany;EURO;351;199726;3;9071
16/07/2020;DE;Germany;EURO;534;200260;7;9078
17/07/2020;DE;Germany;EURO;583;200843;4;9082
18/07/2020;DE;Germany;EURO;529;201372;1;9083
19/07/2020;DE;Germany;EURO;202;201574;1;9084
20/07/2020;DE;Germany;EURO;249;201823;2;9086
21/07/2020;DE;Germany;EURO;522;202345;4;9090
22/07/2020;DE;Germany;EURO;454;202799;5;9095
23/07/2020;DE;Germany;EURO;569;203368;6;9101
24/07/2020;DE;Germany;EURO;815;204183;10;9111
25/07/2020;DE;Germany;EURO;781;204964;7;9118
26/07/2020;DE;Germany;EURO;305;205269;0;9118
27/07/2020;DE;Germany;EURO;340;205609;0;9118
28/07/2020;DE;Germany;EURO;633;206242;4;9122
29/07/2020;DE;Germany;EURO;684;206926;6;9128
30/07/2020;DE;Germany;EURO;902;207828;6;9134
31/07/2020;DE;Germany;EURO;870;208698;7;9141
01/08/2020;DE;Germany;EURO;955;209653;0;9141
02/08/2020;DE;Germany;EURO;240;209893;0;9141
03/08/2020;DE;Germany;EURO;509;210402;7;9148
04/08/2020;DE;Germany;EURO;879;211281;8;9156
05/08/2020;DE;Germany;EURO;741;212022;12;9168
06/08/2020;DE;Germany;EURO;1045;213067;7;9175
07/08/2020;DE;Germany;EURO;1147;214214;8;9183
08/08/2020;DE;Germany;EURO;1122;215336;12;9195
09/08/2020;DE;Germany;EURO;555;215891;1;9196
10/08/2020;DE;Germany;EURO;436;216327;1;9197
11/08/2020;DE;Germany;EURO;966;217293;4;9201
12/08/2020;DE;Germany;EURO;1226;218519;6;9207
13/08/2020;DE;Germany;EURO;1445;219964;4;9211
14/08/2020;DE;Germany;EURO;1449;221413;14;9225
15/08/2020;DE;Germany;EURO;1415;222828;6;9231
16/08/2020;DE;Germany;EURO;625;223453;0;9231
17/08/2020;DE;Germany;EURO;561;224014;1;9232
18/08/2020;DE;Germany;EURO;1390;225404;4;9236
19/08/2020;DE;Germany;EURO;1510;226914;7;9243
20/08/2020;DE;Germany;EURO;1707;228621;10;9253
21/08/2020;DE;Germany;EURO;1427;230048;7;9260
22/08/2020;DE;Germany;EURO;2034;232082;7;9267
23/08/2020;DE;Germany;EURO;782;232864;2;9269
24/08/2020;DE;Germany;EURO;711;233575;3;9272
25/08/2020;DE;Germany;EURO;1278;234853;5;9277
26/08/2020;DE;Germany;EURO;1576;236429;3;9280
27/08/2020;DE;Germany;EURO;1507;237936;5;9285
28/08/2020;DE;Germany;EURO;1571;239507;3;9288
29/08/2020;DE;Germany;EURO;1479;240986;1;9289
30/08/2020;DE;Germany;EURO;785;241771;6;9295
31/08/2020;DE;Germany;EURO;610;242381;3;9298
01/09/2020;DE;Germany;EURO;1218;243599;4;9302
02/09/2020;DE;Germany;EURO;1256;244855;11;9313
03/09/2020;DE;Germany;EURO;1311;246166;8;9321
04/09/2020;DE;Germany;EURO;1453;247619;1;9322
05/09/2020;DE;Germany;EURO;1378;248997;2;9324
06/09/2020;DE;Germany;EURO;988;249985;1;9325
07/09/2020;DE;Germany;EURO;814;250799;0;9325
08/09/2020;DE;Germany;EURO;1499;252298;4;9329
09/09/2020;DE;Germany;EURO;1176;253474;9;9338
10/09/2020;DE;Germany;EURO;1892;255366;3;9341
11/09/2020;DE;Germany;EURO;1484;256850;1;9342
12/09/2020;DE;Germany;EURO;1630;258480;5;9347
13/09/2020;DE;Germany;EURO;948;259428;2;9349
14/09/2020;DE;Germany;EURO;927;260355;1;9350
15/09/2020;DE;Germany;EURO;1407;261762;12;9362
16/09/2020;DE;Germany;EURO;1901;263663;6;9368
17/09/2020;DE;Germany;EURO;2194;265857;3;9371
18/09/2020;DE;Germany;EURO;1916;267773;7;9378
19/09/2020;DE;Germany;EURO;2297;270070;6;9384
20/09/2020;DE;Germany;EURO;1345;271415;2;9386
21/09/2020;DE;Germany;EURO;922;272337;0;9386
22/09/2020;DE;Germany;EURO;1821;274158;10;9396
23/09/2020;DE;Germany;EURO;1769;275927;13;9409
24/09/2020;DE;Germany;EURO;2143;278070;19;9428
25/09/2020;DE;Germany;EURO;2153;280223;15;9443
26/09/2020;DE;Germany;EURO;2507;282730;9;9452
27/09/2020;DE;Germany;EURO;1410;284140;5;9457
28/09/2020;DE;Germany;EURO;1192;285332;3;9460
29/09/2020;DE;Germany;EURO;2089;287421;11;9471
30/09/2020;DE;Germany;EURO;1798;289219;17;9488
01/10/2020;DE;Germany;EURO;2503;291722;12;9500
02/10/2020;DE;Germany;EURO;2673;294395;8;9508
03/10/2020;DE;Germany;EURO;2563;296958;19;9527
04/10/2020;DE;Germany;EURO;2279;299237;2;9529
05/10/2020;DE;Germany;EURO;1382;300619;5;9534
06/10/2020;DE;Germany;EURO;2639;303258;12;9546
07/10/2020;DE;Germany;EURO;2828;306086;16;9562
08/10/2020;DE;Germany;EURO;4058;310144;16;9578
09/10/2020;DE;Germany;EURO;4516;314660;11;9589
10/10/2020;DE;Germany;EURO;4721;319381;15;9604
11/10/2020;DE;Germany;EURO;3483;322864;11;9615
12/10/2020;DE;Germany;EURO;2467;325331;6;9621
13/10/2020;DE;Germany;EURO;4122;329453;13;9634
14/10/2020;DE;Germany;EURO;5132;334585;43;9677
15/10/2020;DE;Germany;EURO;6638;341223;33;9710
16/10/2020;DE;Germany;EURO;7334;348557;24;9734
17/10/2020;DE;Germany;EURO;7830;356387;33;9767
18/10/2020;DE;Germany;EURO;5587;361974;10;9777
19/10/2020;DE;Germany;EURO;4325;366299;12;9789
20/10/2020;DE;Germany;EURO;6868;373167;47;9836
21/10/2020;DE;Germany;EURO;7595;380762;39;9875
22/10/2020;DE;Germany;EURO;11287;392049;30;9905
23/10/2020;DE;Germany;EURO;11242;403291;49;9954
24/10/2020;DE;Germany;EURO;14714;418005;49;10003
25/10/2020;DE;Germany;EURO;11176;429181;29;10032
26/10/2020;DE;Germany;EURO;8685;437866;24;10056
27/10/2020;DE;Germany;EURO;11409;449275;42;10098
28/10/2020;DE;Germany;EURO;14964;464239;85;10183
29/10/2020;DE;Germany;EURO;16774;481013;89;10272
30/10/2020;DE;Germany;EURO;18681;499694;77;10349
31/10/2020;DE;Germany;EURO;19059;518753;103;10452
01/11/2020;DE;Germany;EURO;14177;532930;29;10481
02/11/2020;DE;Germany;EURO;12097;545027;49;10530
03/11/2020;DE;Germany;EURO;15352;560379;131;10661
04/11/2020;DE;Germany;EURO;17214;577593;151;10812
05/11/2020;DE;Germany;EURO;19990;597583;118;10930
06/11/2020;DE;Germany;EURO;21506;619089;166;11096
07/11/2020;DE;Germany;EURO;23399;642488;130;11226
08/11/2020;DE;Germany;EURO;16017;658505;63;11289
09/11/2020;DE;Germany;EURO;13363;671868;63;11352
03/01/2020;NL;Netherlands;EURO;0;0;0;0
04/01/2020;NL;Netherlands;EURO;0;0;0;0
05/01/2020;NL;Netherlands;EURO;0;0;0;0
06/01/2020;NL;Netherlands;EURO;0;0;0;0
07/01/2020;NL;Netherlands;EURO;0;0;0;0
08/01/2020;NL;Netherlands;EURO;0;0;0;0
09/01/2020;NL;Netherlands;EURO;0;0;0;0
10/01/2020;NL;Netherlands;EURO;0;0;0;0
11/01/2020;NL;Netherlands;EURO;0;0;0;0
12/01/2020;NL;Netherlands;EURO;0;0;0;0
13/01/2020;NL;Netherlands;EURO;0;0;0;0
14/01/2020;NL;Netherlands;EURO;0;0;0;0
15/01/2020;NL;Netherlands;EURO;0;0;0;0
16/01/2020;NL;Netherlands;EURO;0;0;0;0
17/01/2020;NL;Netherlands;EURO;0;0;0;0
18/01/2020;NL;Netherlands;EURO;0;0;0;0
19/01/2020;NL;Netherlands;EURO;0;0;0;0
20/01/2020;NL;Netherlands;EURO;0;0;0;0
21/01/2020;NL;Netherlands;EURO;0;0;0;0
22/01/2020;NL;Netherlands;EURO;0;0;0;0
23/01/2020;NL;Netherlands;EURO;0;0;0;0
24/01/2020;NL;Netherlands;EURO;0;0;0;0
25/01/2020;NL;Netherlands;EURO;0;0;0;0
26/01/2020;NL;Netherlands;EURO;0;0;0;0
27/01/2020;NL;Netherlands;EURO;0;0;0;0
28/01/2020;NL;Netherlands;EURO;0;0;0;0
29/01/2020;NL;Netherlands;EURO;0;0;0;0
30/01/2020;NL;Netherlands;EURO;0;0;0;0
31/01/2020;NL;Netherlands;EURO;0;0;0;0
01/02/2020;NL;Netherlands;EURO;0;0;0;0
02/02/2020;NL;Netherlands;EURO;0;0;0;0
03/02/2020;NL;Netherlands;EURO;0;0;0;0
04/02/2020;NL;Netherlands;EURO;0;0;0;0
05/02/2020;NL;Netherlands;EURO;0;0;0;0
06/02/2020;NL;Netherlands;EURO;0;0;0;0
07/02/2020;NL;Netherlands;EURO;0;0;0;0
08/02/2020;NL;Netherlands;EURO;0;0;0;0
09/02/2020;NL;Netherlands;EURO;0;0;0;0
10/02/2020;NL;Netherlands;EURO;0;0;0;0
11/02/2020;NL;Netherlands;EURO;0;0;0;0
12/02/2020;NL;Netherlands;EURO;0;0;0;0
13/02/2020;NL;Netherlands;EURO;0;0;0;0
14/02/2020;NL;Netherlands;EURO;0;0;0;0
15/02/2020;NL;Netherlands;EURO;0;0;0;0
16/02/2020;NL;Netherlands;EURO;0;0;0;0
17/02/2020;NL;Netherlands;EURO;0;0;0;0
18/02/2020;NL;Netherlands;EURO;0;0;0;0
19/02/2020;NL;Netherlands;EURO;0;0;0;0
20/02/2020;NL;Netherlands;EURO;0;0;0;0
21/02/2020;NL;Netherlands;EURO;0;0;0;0
22/02/2020;NL;Netherlands;EURO;0;0;0;0
23/02/2020;NL;Netherlands;EURO;0;0;0;0
24/02/2020;NL;Netherlands;EURO;0;0;0;0
25/02/2020;NL;Netherlands;EURO;0;0;0;0
26/02/2020;NL;Netherlands;EURO;0;0;0;0
27/02/2020;NL;Netherlands;EURO;0;0;0;0
28/02/2020;NL;Netherlands;EURO;1;1;0;0
29/02/2020;NL;Netherlands;EURO;1;2;0;0
01/03/2020;NL;Netherlands;EURO;5;7;0;0
02/03/2020;NL;Netherlands;EURO;6;13;0;0
03/03/2020;NL;Netherlands;EURO;5;18;0;0
04/03/2020;NL;Netherlands;EURO;10;28;0;0
05/03/2020;NL;Netherlands;EURO;10;38;0;0
06/03/2020;NL;Netherlands;EURO;44;82;0;0
07/03/2020;NL;Netherlands;EURO;46;128;1;1
08/03/2020;NL;Netherlands;EURO;60;188;0;1
09/03/2020;NL;Netherlands;EURO;77;265;2;3
10/03/2020;NL;Netherlands;EURO;56;321;0;3
11/03/2020;NL;Netherlands;EURO;61;382;1;4
12/03/2020;NL;Netherlands;EURO;121;503;1;5
13/03/2020;NL;Netherlands;EURO;111;614;0;5
14/03/2020;NL;Netherlands;EURO;190;804;0;5
15/03/2020;NL;Netherlands;EURO;155;959;7;12
16/03/2020;NL;Netherlands;EURO;176;1135;8;20
17/03/2020;NL;Netherlands;EURO;278;1413;4;24
18/03/2020;NL;Netherlands;EURO;292;1705;19;43
19/03/2020;NL;Netherlands;EURO;346;2051;15;58
20/03/2020;NL;Netherlands;EURO;409;2460;18;76
21/03/2020;NL;Netherlands;EURO;534;2994;30;106
22/03/2020;NL;Netherlands;EURO;637;3631;30;136
23/03/2020;NL;Netherlands;EURO;573;4204;43;179
24/03/2020;NL;Netherlands;EURO;545;4749;34;213
25/03/2020;NL;Netherlands;EURO;811;5560;63;276
26/03/2020;NL;Netherlands;EURO;852;6412;80;356
27/03/2020;NL;Netherlands;EURO;1019;7431;78;434
28/03/2020;NL;Netherlands;EURO;1172;8603;112;546
29/03/2020;NL;Netherlands;EURO;1159;9762;93;639
30/03/2020;NL;Netherlands;EURO;1104;10866;132;771
31/03/2020;NL;Netherlands;EURO;884;11750;93;864
01/04/2020;NL;Netherlands;EURO;845;12595;175;1039
02/04/2020;NL;Netherlands;EURO;1019;13614;134;1173
03/04/2020;NL;Netherlands;EURO;1083;14697;166;1339
04/04/2020;NL;Netherlands;EURO;1026;15723;148;1487
05/04/2020;NL;Netherlands;EURO;904;16627;164;1651
06/04/2020;NL;Netherlands;EURO;1224;17851;115;1766
07/04/2020;NL;Netherlands;EURO;952;18803;101;1867
08/04/2020;NL;Netherlands;EURO;777;19580;234;2101
09/04/2020;NL;Netherlands;EURO;969;20549;147;2248
10/04/2020;NL;Netherlands;EURO;1213;21762;148;2396
11/04/2020;NL;Netherlands;EURO;1335;23097;115;2511
12/04/2020;NL;Netherlands;EURO;1316;24413;132;2643
13/04/2020;NL;Netherlands;EURO;1174;25587;94;2737
14/04/2020;NL;Netherlands;EURO;964;26551;86;2823
15/04/2020;NL;Netherlands;EURO;868;27419;122;2945
16/04/2020;NL;Netherlands;EURO;734;28153;189;3134
17/04/2020;NL;Netherlands;EURO;1061;29214;181;3315
18/04/2020;NL;Netherlands;EURO;1235;30449;144;3459
19/04/2020;NL;Netherlands;EURO;1140;31589;142;3601
20/04/2020;NL;Netherlands;EURO;1066;32655;83;3684
21/04/2020;NL;Netherlands;EURO;750;33405;67;3751
22/04/2020;NL;Netherlands;EURO;729;34134;165;3916
23/04/2020;NL;Netherlands;EURO;708;34842;138;4054
24/04/2020;NL;Netherlands;EURO;887;35729;123;4177
25/04/2020;NL;Netherlands;EURO;806;36535;112;4289
26/04/2020;NL;Netherlands;EURO;655;37190;120;4409
27/04/2020;NL;Netherlands;EURO;655;37845;66;4475
28/04/2020;NL;Netherlands;EURO;400;38245;43;4518
29/04/2020;NL;Netherlands;EURO;171;38416;48;4566
30/04/2020;NL;Netherlands;EURO;386;38802;145;4711
01/05/2020;NL;Netherlands;EURO;514;39316;84;4795
02/05/2020;NL;Netherlands;EURO;475;39791;98;4893
03/05/2020;NL;Netherlands;EURO;445;40236;94;4987
04/05/2020;NL;Netherlands;EURO;335;40571;69;5056
05/05/2020;NL;Netherlands;EURO;199;40770;26;5082
06/05/2020;NL;Netherlands;EURO;317;41087;86;5168
07/05/2020;NL;Netherlands;EURO;232;41319;36;5204
08/05/2020;NL;Netherlands;EURO;455;41774;84;5288
09/05/2020;NL;Netherlands;EURO;319;42093;71;5359
10/05/2020;NL;Netherlands;EURO;289;42382;63;5422
11/05/2020;NL;Netherlands;EURO;245;42627;18;5440
12/05/2020;NL;Netherlands;EURO;161;42788;16;5456
13/05/2020;NL;Netherlands;EURO;196;42984;54;5510
14/05/2020;NL;Netherlands;EURO;227;43211;52;5562
15/05/2020;NL;Netherlands;EURO;270;43481;28;5590
16/05/2020;NL;Netherlands;EURO;200;43681;53;5643
17/05/2020;NL;Netherlands;EURO;189;43870;27;5670
18/05/2020;NL;Netherlands;EURO;125;43995;10;5680
19/05/2020;NL;Netherlands;EURO;146;44141;14;5694
20/05/2020;NL;Netherlands;EURO;108;44249;21;5715
21/05/2020;NL;Netherlands;EURO;198;44447;33;5748
22/05/2020;NL;Netherlands;EURO;253;44700;27;5775
23/05/2020;NL;Netherlands;EURO;188;44888;13;5788
24/05/2020;NL;Netherlands;EURO;176;45064;23;5811
25/05/2020;NL;Netherlands;EURO;172;45236;11;5822
26/05/2020;NL;Netherlands;EURO;209;45445;8;5830
27/05/2020;NL;Netherlands;EURO;133;45578;26;5856
28/05/2020;NL;Netherlands;EURO;190;45768;15;5871
29/05/2020;NL;Netherlands;EURO;182;45950;32;5903
30/05/2020;NL;Netherlands;EURO;176;46126;28;5931
31/05/2020;NL;Netherlands;EURO;131;46257;20;5951
01/06/2020;NL;Netherlands;EURO;185;46442;5;5956
02/06/2020;NL;Netherlands;EURO;103;46545;6;5962
03/06/2020;NL;Netherlands;EURO;102;46647;5;5967
04/06/2020;NL;Netherlands;EURO;86;46733;10;5977
05/06/2020;NL;Netherlands;EURO;209;46942;13;5990
06/06/2020;NL;Netherlands;EURO;210;47152;15;6005
07/06/2020;NL;Netherlands;EURO;183;47335;6;6011
08/06/2020;NL;Netherlands;EURO;239;47574;2;6013
09/06/2020;NL;Netherlands;EURO;165;47739;3;6016
10/06/2020;NL;Netherlands;EURO;164;47903;15;6031
11/06/2020;NL;Netherlands;EURO;184;48087;11;6042
12/06/2020;NL;Netherlands;EURO;164;48251;2;6044
13/06/2020;NL;Netherlands;EURO;210;48461;9;6053
14/06/2020;NL;Netherlands;EURO;179;48640;4;6057
15/06/2020;NL;Netherlands;EURO;143;48783;2;6059
16/06/2020;NL;Netherlands;EURO;165;48948;6;6065
17/06/2020;NL;Netherlands;EURO;139;49087;5;6070
18/06/2020;NL;Netherlands;EURO;117;49204;4;6074
19/06/2020;NL;Netherlands;EURO;115;49319;4;6078
20/06/2020;NL;Netherlands;EURO;107;49426;3;6081
21/06/2020;NL;Netherlands;EURO;76;49502;8;6089
22/06/2020;NL;Netherlands;EURO;91;49593;1;6090
23/06/2020;NL;Netherlands;EURO;65;49658;0;6090
24/06/2020;NL;Netherlands;EURO;64;49722;5;6095
25/06/2020;NL;Netherlands;EURO;82;49804;2;6097
26/06/2020;NL;Netherlands;EURO;110;49914;3;6100
27/06/2020;NL;Netherlands;EURO;91;50005;3;6103
28/06/2020;NL;Netherlands;EURO;69;50074;2;6105
29/06/2020;NL;Netherlands;EURO;73;50147;0;6105
30/06/2020;NL;Netherlands;EURO;76;50223;2;6107
01/07/2020;NL;Netherlands;EURO;50;50273;6;6113
02/07/2020;NL;Netherlands;EURO;62;50335;2;6115
03/07/2020;NL;Netherlands;EURO;77;50412;3;6118
04/07/2020;NL;Netherlands;EURO;75;50487;2;6120
05/07/2020;NL;Netherlands;EURO;61;50548;6;6126
06/07/2020;NL;Netherlands;EURO;73;50621;1;6127
07/07/2020;NL;Netherlands;EURO;36;50657;1;6128
08/07/2020;NL;Netherlands;EURO;37;50694;4;6132
09/07/2020;NL;Netherlands;EURO;52;50746;3;6135
10/07/2020;NL;Netherlands;EURO;52;50798;0;6135
11/07/2020;NL;Netherlands;EURO;42;50840;0;6135
12/07/2020;NL;Netherlands;EURO;81;50921;0;6135
13/07/2020;NL;Netherlands;EURO;101;51022;0;6135
14/07/2020;NL;Netherlands;EURO;71;51093;0;6135
15/07/2020;NL;Netherlands;EURO;53;51146;0;6135
16/07/2020;NL;Netherlands;EURO;106;51252;1;6136
17/07/2020;NL;Netherlands;EURO;99;51351;0;6136
18/07/2020;NL;Netherlands;EURO;103;51454;0;6136
19/07/2020;NL;Netherlands;EURO;127;51581;0;6136
20/07/2020;NL;Netherlands;EURO;144;51725;0;6136
21/07/2020;NL;Netherlands;EURO;185;51910;0;6136
22/07/2020;NL;Netherlands;EURO;163;52073;0;6136
23/07/2020;NL;Netherlands;EURO;168;52241;3;6139
24/07/2020;NL;Netherlands;EURO;163;52404;0;6139
25/07/2020;NL;Netherlands;EURO;191;52595;0;6139
26/07/2020;NL;Netherlands;EURO;137;52732;1;6140
27/07/2020;NL;Netherlands;EURO;214;52946;0;6140
28/07/2020;NL;Netherlands;EURO;205;53151;0;6140
29/07/2020;NL;Netherlands;EURO;223;53374;0;6140
30/07/2020;NL;Netherlands;EURO;247;53621;0;6140
31/07/2020;NL;Netherlands;EURO;342;53963;0;6140
01/08/2020;NL;Netherlands;EURO;338;54301;0;6140
02/08/2020;NL;Netherlands;EURO;431;54732;0;6140
03/08/2020;NL;Netherlands;EURO;311;55043;0;6140
04/08/2020;NL;Netherlands;EURO;372;55415;0;6140
05/08/2020;NL;Netherlands;EURO;540;55955;1;6141
06/08/2020;NL;Netherlands;EURO;426;56381;4;6145
07/08/2020;NL;Netherlands;EURO;601;56982;0;6145
08/08/2020;NL;Netherlands;EURO;519;57501;0;6145
09/08/2020;NL;Netherlands;EURO;486;57987;3;6148
10/08/2020;NL;Netherlands;EURO;577;58564;0;6148
11/08/2020;NL;Netherlands;EURO;575;59139;0;6148
12/08/2020;NL;Netherlands;EURO;779;59918;2;6150
13/08/2020;NL;Netherlands;EURO;654;60572;2;6152
14/08/2020;NL;Netherlands;EURO;577;61149;4;6156
15/08/2020;NL;Netherlands;EURO;636;61785;2;6158
16/08/2020;NL;Netherlands;EURO;652;62437;2;6160
17/08/2020;NL;Netherlands;EURO;506;62943;3;6163
18/08/2020;NL;Netherlands;EURO;481;63424;0;6163
19/08/2020;NL;Netherlands;EURO;487;63911;3;6166
20/08/2020;NL;Netherlands;EURO;552;64463;6;6172
21/08/2020;NL;Netherlands;EURO;529;64992;10;6182
22/08/2020;NL;Netherlands;EURO;534;65526;4;6186
23/08/2020;NL;Netherlands;EURO;508;66034;5;6191
24/08/2020;NL;Netherlands;EURO;456;66490;0;6191
25/08/2020;NL;Netherlands;EURO;572;67062;2;6193
26/08/2020;NL;Netherlands;EURO;414;67476;5;6198
27/08/2020;NL;Netherlands;EURO;570;68046;8;6206
28/08/2020;NL;Netherlands;EURO;510;68556;3;6209
29/08/2020;NL;Netherlands;EURO;507;69063;2;6211
30/08/2020;NL;Netherlands;EURO;500;69563;4;6215
31/08/2020;NL;Netherlands;EURO;508;70071;0;6215
01/09/2020;NL;Netherlands;EURO;525;70596;0;6215
02/09/2020;NL;Netherlands;EURO;461;71057;6;6221
03/09/2020;NL;Netherlands;EURO;914;71971;5;6226
04/09/2020;NL;Netherlands;EURO;421;72392;0;6226
05/09/2020;NL;Netherlands;EURO;744;73136;2;6228
06/09/2020;NL;Netherlands;EURO;654;73790;4;6232
07/09/2020;NL;Netherlands;EURO;925;74715;2;6234
08/09/2020;NL;Netherlands;EURO;797;75512;0;6234
09/09/2020;NL;Netherlands;EURO;963;76475;1;6235
10/09/2020;NL;Netherlands;EURO;1140;77615;2;6237
11/09/2020;NL;Netherlands;EURO;823;78438;3;6240
12/09/2020;NL;Netherlands;EURO;1268;79706;3;6243
13/09/2020;NL;Netherlands;EURO;1231;80937;1;6244
14/09/2020;NL;Netherlands;EURO;1086;82023;1;6245
15/09/2020;NL;Netherlands;EURO;1298;83321;2;6247
16/09/2020;NL;Netherlands;EURO;1376;84697;2;6249
17/09/2020;NL;Netherlands;EURO;1540;86237;2;6251
18/09/2020;NL;Netherlands;EURO;1750;87987;6;6257
19/09/2020;NL;Netherlands;EURO;1972;89959;7;6264
20/09/2020;NL;Netherlands;EURO;1882;91841;2;6266
21/09/2020;NL;Netherlands;EURO;1843;93684;4;6270
22/09/2020;NL;Netherlands;EURO;2215;95899;2;6272
23/09/2020;NL;Netherlands;EURO;2243;98142;10;6282
24/09/2020;NL;Netherlands;EURO;2351;100493;5;6287
25/09/2020;NL;Netherlands;EURO;2541;103034;16;6303
26/09/2020;NL;Netherlands;EURO;2776;105810;16;6319
27/09/2020;NL;Netherlands;EURO;2711;108521;38;6357
28/09/2020;NL;Netherlands;EURO;2989;111510;8;6365
29/09/2020;NL;Netherlands;EURO;2909;114419;6;6371
30/09/2020;NL;Netherlands;EURO;3001;117420;13;6384
01/10/2020;NL;Netherlands;EURO;3293;120713;13;6397
02/10/2020;NL;Netherlands;EURO;3253;123966;13;6410
03/10/2020;NL;Netherlands;EURO;3820;127786;9;6419
04/10/2020;NL;Netherlands;EURO;3963;131749;21;6440
05/10/2020;NL;Netherlands;EURO;4000;135749;5;6445
06/10/2020;NL;Netherlands;EURO;4572;140321;7;6452
07/10/2020;NL;Netherlands;EURO;4517;144838;21;6473
08/10/2020;NL;Netherlands;EURO;4979;149817;36;6509
09/10/2020;NL;Netherlands;EURO;5813;155630;13;6522
10/10/2020;NL;Netherlands;EURO;5959;161589;13;6535
11/10/2020;NL;Netherlands;EURO;6493;168082;23;6558
12/10/2020;NL;Netherlands;EURO;6368;174450;17;6575
13/10/2020;NL;Netherlands;EURO;6844;181294;12;6587
14/10/2020;NL;Netherlands;EURO;7368;188662;35;6622
15/10/2020;NL;Netherlands;EURO;7271;195933;32;6654
16/10/2020;NL;Netherlands;EURO;7779;203712;29;6683
17/10/2020;NL;Netherlands;EURO;7978;211690;16;6699
18/10/2020;NL;Netherlands;EURO;8105;219795;29;6728
19/10/2020;NL;Netherlands;EURO;8439;228234;23;6751
20/10/2020;NL;Netherlands;EURO;7720;235954;8;6759
21/10/2020;NL;Netherlands;EURO;8149;244103;45;6804
22/10/2020;NL;Netherlands;EURO;8738;252841;59;6863
23/10/2020;NL;Netherlands;EURO;9268;262109;46;6909
24/10/2020;NL;Netherlands;EURO;9983;272092;45;6954
25/10/2020;NL;Netherlands;EURO;8639;280731;55;7009
26/10/2020;NL;Netherlands;EURO;10194;290925;27;7036
27/10/2020;NL;Netherlands;EURO;10324;301249;26;7062
28/10/2020;NL;Netherlands;EURO;10283;311532;70;7132
29/10/2020;NL;Netherlands;EURO;8092;319624;60;7192
30/10/2020;NL;Netherlands;EURO;10248;329872;56;7248
31/10/2020;NL;Netherlands;EURO;11102;340974;87;7335
01/11/2020;NL;Netherlands;EURO;9790;350764;50;7385
02/11/2020;NL;Netherlands;EURO;8673;359437;39;7424
03/11/2020;NL;Netherlands;EURO;8278;367715;29;7453
04/11/2020;NL;Netherlands;EURO;7729;375444;113;7566
05/11/2020;NL;Netherlands;EURO;7622;383066;106;7672
06/11/2020;NL;Netherlands;EURO;6957;390023;87;7759
07/11/2020;NL;Netherlands;EURO;7232;397255;118;7877
08/11/2020;NL;Netherlands;EURO;6659;403914;73;7950
09/11/2020;NL;Netherlands;EURO;5659;409573;44;7994
03/01/2020;GB;The United Kingdom;EURO;0;0;0;0
04/01/2020;GB;The United Kingdom;EURO;0;0;0;0
05/01/2020;GB;The United Kingdom;EURO;0;0;0;0
06/01/2020;GB;The United Kingdom;EURO;0;0;0;0
07/01/2020;GB;The United Kingdom;EURO;0;0;0;0
08/01/2020;GB;The United Kingdom;EURO;0;0;0;0
09/01/2020;GB;The United Kingdom;EURO;0;0;0;0
10/01/2020;GB;The United Kingdom;EURO;0;0;0;0
11/01/2020;GB;The United Kingdom;EURO;0;0;0;0
12/01/2020;GB;The United Kingdom;EURO;0;0;0;0
13/01/2020;GB;The United Kingdom;EURO;0;0;0;0
14/01/2020;GB;The United Kingdom;EURO;0;0;0;0
15/01/2020;GB;The United Kingdom;EURO;0;0;0;0
16/01/2020;GB;The United Kingdom;EURO;0;0;0;0
17/01/2020;GB;The United Kingdom;EURO;0;0;0;0
18/01/2020;GB;The United Kingdom;EURO;0;0;0;0
19/01/2020;GB;The United Kingdom;EURO;0;0;0;0
20/01/2020;GB;The United Kingdom;EURO;0;0;0;0
21/01/2020;GB;The United Kingdom;EURO;0;0;0;0
22/01/2020;GB;The United Kingdom;EURO;0;0;0;0
23/01/2020;GB;The United Kingdom;EURO;0;0;0;0
24/01/2020;GB;The United Kingdom;EURO;0;0;0;0
25/01/2020;GB;The United Kingdom;EURO;0;0;0;0
26/01/2020;GB;The United Kingdom;EURO;0;0;0;0
27/01/2020;GB;The United Kingdom;EURO;0;0;0;0
28/01/2020;GB;The United Kingdom;EURO;0;0;0;0
29/01/2020;GB;The United Kingdom;EURO;0;0;0;0
30/01/2020;GB;The United Kingdom;EURO;0;0;0;0
31/01/2020;GB;The United Kingdom;EURO;0;0;0;0
01/02/2020;GB;The United Kingdom;EURO;2;2;0;0
02/02/2020;GB;The United Kingdom;EURO;0;2;0;0
03/02/2020;GB;The United Kingdom;EURO;0;2;0;0
04/02/2020;GB;The United Kingdom;EURO;0;2;0;0
05/02/2020;GB;The United Kingdom;EURO;1;3;0;0
06/02/2020;GB;The United Kingdom;EURO;0;3;0;0
07/02/2020;GB;The United Kingdom;EURO;1;4;0;0
08/02/2020;GB;The United Kingdom;EURO;0;4;0;0
09/02/2020;GB;The United Kingdom;EURO;0;4;0;0
10/02/2020;GB;The United Kingdom;EURO;4;8;0;0
11/02/2020;GB;The United Kingdom;EURO;1;9;0;0
12/02/2020;GB;The United Kingdom;EURO;0;9;0;0
13/02/2020;GB;The United Kingdom;EURO;1;10;0;0
14/02/2020;GB;The United Kingdom;EURO;0;10;0;0
15/02/2020;GB;The United Kingdom;EURO;0;10;0;0
16/02/2020;GB;The United Kingdom;EURO;0;10;0;0
17/02/2020;GB;The United Kingdom;EURO;0;10;0;0
18/02/2020;GB;The United Kingdom;EURO;0;10;0;0
19/02/2020;GB;The United Kingdom;EURO;0;10;0;0
20/02/2020;GB;The United Kingdom;EURO;0;10;0;0
21/02/2020;GB;The United Kingdom;EURO;0;10;0;0
22/02/2020;GB;The United Kingdom;EURO;0;10;0;0
23/02/2020;GB;The United Kingdom;EURO;1;11;0;0
24/02/2020;GB;The United Kingdom;EURO;0;11;0;0
25/02/2020;GB;The United Kingdom;EURO;0;11;0;0
26/02/2020;GB;The United Kingdom;EURO;2;13;0;0
27/02/2020;GB;The United Kingdom;EURO;5;18;0;0
28/02/2020;GB;The United Kingdom;EURO;4;22;0;0
29/02/2020;GB;The United Kingdom;EURO;8;30;0;0
01/03/2020;GB;The United Kingdom;EURO;12;42;0;0
02/03/2020;GB;The United Kingdom;EURO;5;47;0;0
03/03/2020;GB;The United Kingdom;EURO;22;69;0;0
04/03/2020;GB;The United Kingdom;EURO;40;109;0;0
05/03/2020;GB;The United Kingdom;EURO;55;164;0;0
06/03/2020;GB;The United Kingdom;EURO;56;220;0;0
07/03/2020;GB;The United Kingdom;EURO;51;271;1;1
08/03/2020;GB;The United Kingdom;EURO;81;352;1;2
09/03/2020;GB;The United Kingdom;EURO;60;412;0;2
10/03/2020;GB;The United Kingdom;EURO;57;469;1;3
11/03/2020;GB;The United Kingdom;EURO;148;617;4;7
12/03/2020;GB;The United Kingdom;EURO;259;876;0;7
13/03/2020;GB;The United Kingdom;EURO;406;1282;2;9
14/03/2020;GB;The United Kingdom;EURO;484;1766;1;10
15/03/2020;GB;The United Kingdom;EURO;478;2244;19;29
16/03/2020;GB;The United Kingdom;EURO;361;2605;14;43
17/03/2020;GB;The United Kingdom;EURO;442;3047;22;65
18/03/2020;GB;The United Kingdom;EURO;611;3658;17;82
19/03/2020;GB;The United Kingdom;EURO;769;4427;34;116
20/03/2020;GB;The United Kingdom;EURO;999;5426;46;162
21/03/2020;GB;The United Kingdom;EURO;1055;6481;32;194
22/03/2020;GB;The United Kingdom;EURO;1255;7736;58;252
23/03/2020;GB;The United Kingdom;EURO;1198;8934;36;288
24/03/2020;GB;The United Kingdom;EURO;1378;10312;76;364
25/03/2020;GB;The United Kingdom;EURO;2338;12650;148;512
26/03/2020;GB;The United Kingdom;EURO;2375;15025;191;703
27/03/2020;GB;The United Kingdom;EURO;2692;17717;181;884
28/03/2020;GB;The United Kingdom;EURO;3087;20804;288;1172
29/03/2020;GB;The United Kingdom;EURO;3197;24001;292;1464
30/03/2020;GB;The United Kingdom;EURO;2822;26823;212;1676
31/03/2020;GB;The United Kingdom;EURO;2858;29681;374;2050
01/04/2020;GB;The United Kingdom;EURO;4273;33954;403;2453
02/04/2020;GB;The United Kingdom;EURO;4514;38468;672;3125
03/04/2020;GB;The United Kingdom;EURO;4913;43381;657;3782
04/04/2020;GB;The United Kingdom;EURO;4868;48249;736;4518
05/04/2020;GB;The United Kingdom;EURO;4911;53160;756;5274
06/04/2020;GB;The United Kingdom;EURO;4020;57180;599;5873
07/04/2020;GB;The United Kingdom;EURO;3592;60772;567;6440
08/04/2020;GB;The United Kingdom;EURO;5282;66054;1105;7545
09/04/2020;GB;The United Kingdom;EURO;5450;71504;1030;8575
10/04/2020;GB;The United Kingdom;EURO;5131;76635;1116;9691
11/04/2020;GB;The United Kingdom;EURO;4858;81493;1122;10813
12/04/2020;GB;The United Kingdom;EURO;4313;85806;843;11656
13/04/2020;GB;The United Kingdom;EURO;3579;89385;657;12313
14/04/2020;GB;The United Kingdom;EURO;3489;92874;724;13037
15/04/2020;GB;The United Kingdom;EURO;4178;97052;1076;14113
16/04/2020;GB;The United Kingdom;EURO;4326;101378;880;14993
17/04/2020;GB;The United Kingdom;EURO;5065;106443;1036;16029
18/04/2020;GB;The United Kingdom;EURO;5292;111735;913;16942
19/04/2020;GB;The United Kingdom;EURO;4956;116691;1105;18047
20/04/2020;GB;The United Kingdom;EURO;4721;121412;432;18479
21/04/2020;GB;The United Kingdom;EURO;3853;125265;570;19049
22/04/2020;GB;The United Kingdom;EURO;4854;130119;1224;20273
23/04/2020;GB;The United Kingdom;EURO;4760;134879;847;21120
24/04/2020;GB;The United Kingdom;EURO;5487;140366;682;21802
25/04/2020;GB;The United Kingdom;EURO;5158;145524;1010;22812
26/04/2020;GB;The United Kingdom;EURO;4970;150494;815;23627
27/04/2020;GB;The United Kingdom;EURO;3748;154242;364;23991
28/04/2020;GB;The United Kingdom;EURO;3473;157715;320;24311
29/04/2020;GB;The United Kingdom;EURO;4706;162421;969;25280
30/04/2020;GB;The United Kingdom;EURO;4729;167150;769;26049
01/05/2020;GB;The United Kingdom;EURO;5446;172596;634;26683
02/05/2020;GB;The United Kingdom;EURO;4966;177562;698;27381
03/05/2020;GB;The United Kingdom;EURO;4737;182299;584;27965
04/05/2020;GB;The United Kingdom;EURO;3229;185528;253;28218
05/05/2020;GB;The United Kingdom;EURO;2982;188510;272;28490
06/05/2020;GB;The United Kingdom;EURO;3389;191899;726;29216
07/05/2020;GB;The United Kingdom;EURO;3682;195581;647;29863
08/05/2020;GB;The United Kingdom;EURO;3827;199408;458;30321
09/05/2020;GB;The United Kingdom;EURO;3767;203175;579;30900
10/05/2020;GB;The United Kingdom;EURO;3063;206238;275;31175
11/05/2020;GB;The United Kingdom;EURO;2157;208395;217;31392
12/05/2020;GB;The United Kingdom;EURO;2329;210724;187;31579
13/05/2020;GB;The United Kingdom;EURO;3586;214310;614;32193
14/05/2020;GB;The United Kingdom;EURO;3402;217712;447;32640
15/05/2020;GB;The United Kingdom;EURO;3307;221019;352;32992
16/05/2020;GB;The United Kingdom;EURO;2628;223647;350;33342
17/05/2020;GB;The United Kingdom;EURO;2526;226173;411;33753
18/05/2020;GB;The United Kingdom;EURO;2079;228252;67;33820
19/05/2020;GB;The United Kingdom;EURO;1838;230090;146;33966
20/05/2020;GB;The United Kingdom;EURO;2589;232679;500;34466
21/05/2020;GB;The United Kingdom;EURO;3052;235731;328;34794
22/05/2020;GB;The United Kingdom;EURO;2718;238449;273;35067
23/05/2020;GB;The United Kingdom;EURO;2574;241023;291;35358
24/05/2020;GB;The United Kingdom;EURO;2062;243085;220;35578
25/05/2020;GB;The United Kingdom;EURO;1527;244612;379;35957
26/05/2020;GB;The United Kingdom;EURO;1364;245976;104;36061
27/05/2020;GB;The United Kingdom;EURO;1624;247600;131;36192
28/05/2020;GB;The United Kingdom;EURO;1672;249272;422;36614
29/05/2020;GB;The United Kingdom;EURO;1835;251107;343;36957
30/05/2020;GB;The United Kingdom;EURO;1760;252867;274;37231
31/05/2020;GB;The United Kingdom;EURO;1527;254394;154;37385
01/06/2020;GB;The United Kingdom;EURO;1125;255519;60;37445
02/06/2020;GB;The United Kingdom;EURO;1079;256598;86;37531
03/06/2020;GB;The United Kingdom;EURO;1441;258039;249;37780
04/06/2020;GB;The United Kingdom;EURO;1484;259523;254;38034
05/06/2020;GB;The United Kingdom;EURO;1356;260879;130;38164
06/06/2020;GB;The United Kingdom;EURO;1243;262122;258;38422
07/06/2020;GB;The United Kingdom;EURO;1120;263242;143;38565
08/06/2020;GB;The United Kingdom;EURO;801;264043;54;38619
09/06/2020;GB;The United Kingdom;EURO;721;264764;47;38666
10/06/2020;GB;The United Kingdom;EURO;1099;265863;195;38861
11/06/2020;GB;The United Kingdom;EURO;1158;267021;164;39025
12/06/2020;GB;The United Kingdom;EURO;1199;268220;76;39101
13/06/2020;GB;The United Kingdom;EURO;1017;269237;131;39232
14/06/2020;GB;The United Kingdom;EURO;1052;270289;107;39339
15/06/2020;GB;The United Kingdom;EURO;890;271179;27;39366
16/06/2020;GB;The United Kingdom;EURO;822;272001;29;39395
17/06/2020;GB;The United Kingdom;EURO;1043;273044;120;39515
18/06/2020;GB;The United Kingdom;EURO;1102;274146;110;39625
19/06/2020;GB;The United Kingdom;EURO;1013;275159;67;39692
20/06/2020;GB;The United Kingdom;EURO;1027;276186;84;39776
21/06/2020;GB;The United Kingdom;EURO;986;277172;71;39847
22/06/2020;GB;The United Kingdom;EURO;687;277859;31;39878
23/06/2020;GB;The United Kingdom;EURO;639;278498;14;39892
24/06/2020;GB;The United Kingdom;EURO;896;279394;94;39986
25/06/2020;GB;The United Kingdom;EURO;886;280280;87;40073
26/06/2020;GB;The United Kingdom;EURO;778;281058;99;40172
27/06/2020;GB;The United Kingdom;EURO;721;281779;77;40249
28/06/2020;GB;The United Kingdom;EURO;671;282450;40;40289
29/06/2020;GB;The United Kingdom;EURO;649;283099;31;40320
30/06/2020;GB;The United Kingdom;EURO;446;283545;21;40341
01/07/2020;GB;The United Kingdom;EURO;730;284275;53;40394
02/07/2020;GB;The United Kingdom;EURO;617;284892;97;40491
03/07/2020;GB;The United Kingdom;EURO;651;285543;41;40532
04/07/2020;GB;The United Kingdom;EURO;602;286145;49;40581
05/07/2020;GB;The United Kingdom;EURO;579;286724;32;40613
06/07/2020;GB;The United Kingdom;EURO;401;287125;19;40632
07/07/2020;GB;The United Kingdom;EURO;555;287680;11;40643
08/07/2020;GB;The United Kingdom;EURO;704;288384;54;40697
09/07/2020;GB;The United Kingdom;EURO;597;288981;57;40754
10/07/2020;GB;The United Kingdom;EURO;693;289674;31;40785
11/07/2020;GB;The United Kingdom;EURO;715;290389;34;40819
12/07/2020;GB;The United Kingdom;EURO;565;290954;17;40836
13/07/2020;GB;The United Kingdom;EURO;442;291396;9;40845
14/07/2020;GB;The United Kingdom;EURO;361;291757;10;40855
15/07/2020;GB;The United Kingdom;EURO;726;292483;44;40899
16/07/2020;GB;The United Kingdom;EURO;685;293168;26;40925
17/07/2020;GB;The United Kingdom;EURO;772;293940;24;40949
18/07/2020;GB;The United Kingdom;EURO;704;294644;26;40975
19/07/2020;GB;The United Kingdom;EURO;569;295213;9;40984
20/07/2020;GB;The United Kingdom;EURO;493;295706;11;40995
21/07/2020;GB;The United Kingdom;EURO;413;296119;10;41005
22/07/2020;GB;The United Kingdom;EURO;793;296912;25;41030
23/07/2020;GB;The United Kingdom;EURO;751;297663;17;41047
24/07/2020;GB;The United Kingdom;EURO;773;298436;9;41056
25/07/2020;GB;The United Kingdom;EURO;731;299167;32;41088
26/07/2020;GB;The United Kingdom;EURO;667;299834;15;41103
27/07/2020;GB;The United Kingdom;EURO;421;300255;8;41111
28/07/2020;GB;The United Kingdom;EURO;371;300626;3;41114
29/07/2020;GB;The United Kingdom;EURO;70;300696;21;41135
30/07/2020;GB;The United Kingdom;EURO;763;301459;34;41169
31/07/2020;GB;The United Kingdom;EURO;846;302305;0;41169
01/08/2020;GB;The United Kingdom;EURO;880;303185;20;41189
02/08/2020;GB;The United Kingdom;EURO;771;303956;13;41202
03/08/2020;GB;The United Kingdom;EURO;743;304699;5;41207
04/08/2020;GB;The United Kingdom;EURO;928;305627;1;41208
05/08/2020;GB;The United Kingdom;EURO;670;306297;18;41226
06/08/2020;GB;The United Kingdom;EURO;891;307188;14;41240
07/08/2020;GB;The United Kingdom;EURO;950;308138;18;41258
08/08/2020;GB;The United Kingdom;EURO;871;309009;12;41270
09/08/2020;GB;The United Kingdom;EURO;758;309767;3;41273
10/08/2020;GB;The United Kingdom;EURO;1062;310829;5;41278
11/08/2020;GB;The United Kingdom;EURO;816;311645;18;41296
12/08/2020;GB;The United Kingdom;EURO;1148;312793;13;41309
13/08/2020;GB;The United Kingdom;EURO;1009;313802;20;41329
14/08/2020;GB;The United Kingdom;EURO;1129;314931;18;41347
15/08/2020;GB;The United Kingdom;EURO;1440;316371;11;41358
16/08/2020;GB;The United Kingdom;EURO;1077;317448;3;41361
17/08/2020;GB;The United Kingdom;EURO;1040;318488;5;41366
18/08/2020;GB;The United Kingdom;EURO;713;319201;3;41369
19/08/2020;GB;The United Kingdom;EURO;1089;320290;12;41381
20/08/2020;GB;The United Kingdom;EURO;812;321102;16;41397
21/08/2020;GB;The United Kingdom;EURO;1182;322284;6;41403
22/08/2020;GB;The United Kingdom;EURO;1033;323317;2;41405
23/08/2020;GB;The United Kingdom;EURO;1288;324605;18;41423
24/08/2020;GB;The United Kingdom;EURO;1041;325646;6;41429
25/08/2020;GB;The United Kingdom;EURO;972;326618;4;41433
26/08/2020;GB;The United Kingdom;EURO;1184;327802;16;41449
27/08/2020;GB;The United Kingdom;EURO;1048;328850;16;41465
28/08/2020;GB;The United Kingdom;EURO;1522;330372;12;41477
29/08/2020;GB;The United Kingdom;EURO;1276;331648;9;41486
30/08/2020;GB;The United Kingdom;EURO;1108;332756;12;41498
31/08/2020;GB;The United Kingdom;EURO;1715;334471;1;41499
01/09/2020;GB;The United Kingdom;EURO;1406;335877;2;41501
02/09/2020;GB;The United Kingdom;EURO;1295;337172;3;41504
03/09/2020;GB;The United Kingdom;EURO;1508;338680;10;41514
04/09/2020;GB;The United Kingdom;EURO;1735;340415;13;41527
05/09/2020;GB;The United Kingdom;EURO;1940;342355;10;41537
06/09/2020;GB;The United Kingdom;EURO;1813;344168;12;41549
07/09/2020;GB;The United Kingdom;EURO;2988;347156;2;41551
08/09/2020;GB;The United Kingdom;EURO;2948;350104;3;41554
09/09/2020;GB;The United Kingdom;EURO;2460;352564;32;41586
10/09/2020;GB;The United Kingdom;EURO;2659;355223;8;41594
11/09/2020;GB;The United Kingdom;EURO;2919;358142;14;41608
12/09/2020;GB;The United Kingdom;EURO;3539;361681;6;41614
13/09/2020;GB;The United Kingdom;EURO;3497;365178;9;41623
14/09/2020;GB;The United Kingdom;EURO;3330;368508;5;41628
15/09/2020;GB;The United Kingdom;EURO;2621;371129;9;41637
16/09/2020;GB;The United Kingdom;EURO;3103;374232;27;41664
17/09/2020;GB;The United Kingdom;EURO;3991;378223;20;41684
18/09/2020;GB;The United Kingdom;EURO;3395;381618;21;41705
19/09/2020;GB;The United Kingdom;EURO;4322;385940;27;41732
20/09/2020;GB;The United Kingdom;EURO;4422;390362;27;41759
21/09/2020;GB;The United Kingdom;EURO;3899;394261;18;41777
22/09/2020;GB;The United Kingdom;EURO;4368;398629;11;41788
23/09/2020;GB;The United Kingdom;EURO;4926;403555;37;41825
24/09/2020;GB;The United Kingdom;EURO;6178;409733;37;41862
25/09/2020;GB;The United Kingdom;EURO;6634;416367;40;41902
26/09/2020;GB;The United Kingdom;EURO;6873;423240;34;41936
27/09/2020;GB;The United Kingdom;EURO;6041;429281;35;41971
28/09/2020;GB;The United Kingdom;EURO;5692;434973;17;41988
29/09/2020;GB;The United Kingdom;EURO;4044;439017;13;42001
30/09/2020;GB;The United Kingdom;EURO;7143;446160;71;42072
01/10/2020;GB;The United Kingdom;EURO;7108;453268;71;42143
02/10/2020;GB;The United Kingdom;EURO;6914;460182;59;42202
03/10/2020;GB;The United Kingdom;EURO;6968;467150;66;42268
04/10/2020;GB;The United Kingdom;EURO;12871;480021;49;42317
05/10/2020;GB;The United Kingdom;EURO;22961;502982;33;42350
06/10/2020;GB;The United Kingdom;EURO;12593;515575;19;42369
07/10/2020;GB;The United Kingdom;EURO;14542;530117;76;42445
08/10/2020;GB;The United Kingdom;EURO;14162;544279;70;42515
09/10/2020;GB;The United Kingdom;EURO;17540;561819;77;42592
10/10/2020;GB;The United Kingdom;EURO;13864;575683;87;42679
11/10/2020;GB;The United Kingdom;EURO;15165;590848;81;42760
12/10/2020;GB;The United Kingdom;EURO;12872;603720;65;42825
13/10/2020;GB;The United Kingdom;EURO;13972;617692;50;42875
14/10/2020;GB;The United Kingdom;EURO;17232;634924;143;43018
15/10/2020;GB;The United Kingdom;EURO;19724;654648;137;43155
16/10/2020;GB;The United Kingdom;EURO;18978;673626;138;43293
17/10/2020;GB;The United Kingdom;EURO;15635;689261;136;43429
18/10/2020;GB;The United Kingdom;EURO;16171;705432;150;43579
19/10/2020;GB;The United Kingdom;EURO;16981;722413;67;43646
20/10/2020;GB;The United Kingdom;EURO;18803;741216;80;43726
21/10/2020;GB;The United Kingdom;EURO;21330;762546;241;43967
22/10/2020;GB;The United Kingdom;EURO;26687;789233;191;44158
23/10/2020;GB;The United Kingdom;EURO;21238;810471;189;44347
24/10/2020;GB;The United Kingdom;EURO;20531;831002;224;44571
25/10/2020;GB;The United Kingdom;EURO;23012;854014;174;44745
26/10/2020;GB;The United Kingdom;EURO;19790;873804;151;44896
27/10/2020;GB;The United Kingdom;EURO;20890;894694;102;44998
28/10/2020;GB;The United Kingdom;EURO;22885;917579;367;45365
29/10/2020;GB;The United Kingdom;EURO;24700;942279;310;45675
30/10/2020;GB;The United Kingdom;EURO;23065;965344;280;45955
31/10/2020;GB;The United Kingdom;EURO;24405;989749;274;46229
01/11/2020;GB;The United Kingdom;EURO;21915;1011664;326;46555
02/11/2020;GB;The United Kingdom;EURO;23254;1034918;162;46717
03/11/2020;GB;The United Kingdom;EURO;18950;1053868;136;46853
04/11/2020;GB;The United Kingdom;EURO;20018;1073886;397;47250
05/11/2020;GB;The United Kingdom;EURO;25177;1099063;492;47742
06/11/2020;GB;The United Kingdom;EURO;24138;1123201;378;48120
07/11/2020;GB;The United Kingdom;EURO;23287;1146488;355;48475
08/11/2020;GB;The United Kingdom;EURO;24957;1171445;413;48888
09/11/2020;GB;The United Kingdom;EURO;20572;1192017;156;49044